Portuguese,French,Italian,Spanish,Catalan,Provencal,Ladin,Sardinian,Romanian,German,Dutch,Afrikaans,English,Icelandic,Norwegian,Swedish,Faroese,Danish,Breton,Welsh,Irish,Bulgarian,Slovenian,Serbo-Croatian,Russian,Belarusian,Ukrainian,Czech,Slovak,Polish,Lithuanian,Latvian,Romani,Singhalese,Kashmiri,Khaskura,Nepali,Bengali,Lahnda,Panjabi,Hindi,Marathi,Gujarati,Pashto,Persian,Tajik,Baluchi,Albanian,Armenian,Greek,,Maranao,Mansaka,Hanunoo,Tagalog,Cebuano,,Javanese,Bali,Sasak,Sunda,Iban,Indonesian
TODO,TOUT,TUTTO,TODO,TOT,TOUT,TUOT,TOTTU,TOTI,ALLE,ALLES,AL,ALL,ALLIR,ALLE,ALL,ALLIR,AL,HOLL,PAWB,UILE,BSICKO,CELO,SAV,VSE,WSE,UVES,VSE,VSETKO,WSZYSCY,VISAS,VISS,SAVORA,OKKAMA,SORI,SABAI,SAB,SOB,SEBU,SEB,SEB,SERVE,BEDHA,TOL,HAME,XAMA,KULL,GITHE,BOLOR,OLOS,,BELOS,KARIKUQA,TANAN,LAHAT,TANAN,,KABEH,MAKEJANG,SELAPUQ,KABEH,ABIS,SEMUA
E,ET,E,Y,E,E,E,E,IAR,UND,EN,EN,AND,OG,OG,OCH,OG,OG,HA,A,AGUS,I,IN,I,I,I,I,A,A,I,IR,UN,DA,SAHA,TA,ARU,AU,AR,TE,TE,OR,ANI,ANE,AU,VA,VA,GUDA,DHE,EW,KE,,AGO,0,KAG,AT,UG,,LAN,MUAH,DAIT,JEUNG,ENGAU,DAN
ANIMAL,ANIMAL,ANIMALE,ANIMAL,ANIMAL,ANIMAU,ANIMAL,ANIMALI,ANIMAL,TIER,DIER,DIER,ANIMAL,DYR,DYR,DJUR,DYRUR,DYR,LOEN,ANIFAIL,AINMHE,ZIVOTNO,ZIVALI,ZIVOTINJA,ZIVOTNOE,ZYVELA,TVARYNA,ZVIRE,ZVER,ZWIERZE,GYVULYS,DZIVNIEKS,PEDO,SATA,JANAWAR,JANTU,PASU,JANOAR,JANWER,JANVER,JANVER,PRANI,JANWER,HAJVAN,HEYVAN,XAJVON,JANWAR,KAFSE,KENDANI,ZOO,,0,0,0,HAYOP,0,,0,0,0,0,0,BINATANG
CINZA,CENDRE,CENERE,CENIZA,CENDRA,CENDRE,TSCHENDRA,CINIZU,CENUSA,ASCHE,ASCH,AS,ASHES,ASKA,ASKE,ASKA,OSKA,ASKE,LUDU,LLUDW,LUAITH,PEPEL,PEPJU,PEPEO,ZOLA,POPEL,POPIL,POPEL,POPOL,POPIOL,PELENAI,PELNI,PRAXORA,ALU,KHAKH,KHARANI,KHAG,CHAI,SWA,SVA,RAKH,RAKH,RAKH,IRA,KHAKESTAR,XOKISTAR,PHUR,HI,MOXIR,STAKHTI,,OMBI,QABU,AYUM,ABO,AGIW,,AWU,AON,AWUAWU,LEBU,ABU,ABU
EM,A,A,A,AB,A,A,A,LA,AN,TE,TE,AT,VIO,VED,VID,VID,VED,E,YN,AIG,NA,NE,KOD,V,PRY,V,U,PRI,W,PRIE,UZ,KAI,E,KANI,MA,MA,E,UTTE,TE,PAR,0,0,DE,0,DAR,A,NE,HET,SE,,SAN,0,SA,SA,SA,,ANA,DI,LEQ,DI,BA,DI
COSTAS,DOS,DORSO,DORSO,ESPATLLAS,ESQUINO,DOSS,SKINA,SPATE,RUCKEN,RUG,RUG,BACK,BAK,RYGG,RYGG,BAK,BAG,KEIN,CEFEN,DROM,GRUB,HERBET,POZADI,SPINA,ZAD,SPYNA,ZPATKY,NAZPAT,PLECY,NUGARA,MUGURA,DUMO,PASSA,PYUTHU,KANDO,PITH,PIT,PICCHE,PITTH,PITH,PATH,PITH,SA,POSHT,PUST,PHUSHT,KURIS,TIKUNK,PLATI,,LIKOD,LIKUD NANG QUTAW,DAYU,LIKOD,LIKOD,,GEGER,TUNDUN,BONKOR,TONGGONG,BELAKAN,PUNGGUNG
MAO,MAUVAIS,CATTIVO,MAL,MAL,MARRIT,MEL,MALU,RAU,SCHLECHT,SLECHT,SLEG,BAD,LELEGUR,DARLIG,DALIG,ILLUR,OND,FALL,DRWG,OLC,LOSO,SLABU,ZAO,PLOXOJ,BLAGI,POGANYJ,SPATNY,ZLY,ZLY,BLOGAS,SLIKTS,NASUL,NARAKA,MADA,NARAMRO,GHATIYA,KHARAP,BURA,PERA,KHERAB,VAIT,KNERAB,BAD,BAD,BAD,GANDAGH,ILIK,VAT,KAKOS,,MARATAQ,MAQAT,DAUT,MASAMA,DAUTAN,,ELEK,BELER,JAHAT,JAHAT,JAI,JAHAT
CORTICA,ECORCE,SCORZA,CORTEZA,ESCORXZ,RUSCO,SCORZA,KROZU,SCOARTA,RINDE,SCHORS,BAS,BARK,BORKUR,BARK,BARK,BORKUR,BARK,RUSK,RHISGL,COIRT,KORA,LUPOD DRVA,KORA,KORA,KARA,XYNA,KURA,KORA,KORA,MEDZIO ZIEVE,MIZA,KOZA,POTTA,DEL,BOKRA,BOKRO,CHAL,CHAL,CHELL,CHAL,SAL,CHAL,POST,PUST,PUST,GAWAZ,CIPE,KETEW,FLUDHA,,0,0,0,BALAT NG PUNO,0,,0,0,0,0,0,KULIT KAYU
PORQUE,PARCEQUE,PERCHE,PORQUE,PEOQUE,PER CO QUE,CAUSACHA,POITA,FIINDCA,WEIL,OMDAT,OMDAT,BECAUSE,AF THVI AO,FORDI,EMEDAN,TI,FORDI,PEOGWIR,ACHOS,MAR,ZASCOTO,ZATO,ZATO,POTOMU CTO,TAMU,CEREZ TE,PROTOZE,BO,DLATEGO ZE,TODEL KAD,TAPEC KA,EPIDHI,NISA,NEMATI,KINAKI,KASOGARI BHANE,KARON,KYUKE,KYOKE,KYOKE,KAREN,KAREN KE,DZEKA CE,CHUN,BAROI,PHA HAW AN SAUAV,SE,OROVHETEW,YATI,,0,0,0,0,0,,0,0,0,0,0,0
VENTRE,VENTRE,VENTRE,VIENTRE,VENTRE,VENTRE,VAINTER,BRENTI,PINTEC,BAUCH,BUIK,BUIK,BELLY,MAGI,MAVE,BUK,BUKUR,BUG,KOF,BOLA,BOLG,KOREM,TREBUH,TRBUH,ZIVOT,BRUXA,SLUNOK,BRICHO,BRUCHO,BRZUCH,PILVAS,VEDERS,GII,BADA,MYADA,BHUNRI,PET,PET,PET,PET,PET,POT,PET,NAS,SHEKAM,SIKAM,LAF,BARK,MANOOG,KILYA,,BABAT,DEBDEB,TIYAN,TIYAN,TIYAN,,WETEN,BASANG,TIAN,BEUTEUNG,PERUT,PERUT
GRANDE,GRAND,GRANDE,GRANDE,GRAN,GROS,GRAND,MANNU,MARE,GROSS,GROOT,GROOT,BIG,STOR,STOR,GROV,STORUR,STOR,BRAS,MAWR,MOR,GOLJAMO,VELIKA,VELIK,BOLSOJ,VJALIKI,VELYKYJ,VELKY,VELKY,WIELKI,DIDELIS,LIELS,BARO,LOKU,BODU,THULO,THULO,BORO,WEDDA,VEDDA,BERA,MOTHA,MOTU,LOJ,BOZORG,KALON,MAZAAN,I MATH,MEC,MEGHALOS,,DAKOLAQ,DAKURAQ,DAKA,MALAKI,DAKU,,GEDE,GEDE,BELEQ,GEDE,BESAI,BESAR
AVE,OISEAU,UCCELLO,AVE,AUCELL,AUCEU,UTSCHE,PILLONI,PASARE,VOGEL,VOGEL,VOEL,BIRD,FUGL,FUGL,FAGEL,FUGLUR,FUGL,LABOUS,ADERYN,EAN,PTICA,TICK,PTICA,PTICA,PTUSKA,PTAX,PTAK,VTAK,PTAK,PAUKSTIS,PUTNS,CIRIKLI,KURULLA,JANAWAR,CHARA,CARO,PAKHI,PERINDA,PENCHI,PEKSI,PEKSI,PENKHI,MURGE,MORGH,PARRANDA,MURGH,ZOK,T RC UN,PULI,,PAPANOK,LANGGAM,MANUK,IBON,LANGGAM,,MANUK,KEDIS,KEMANUKAN,MANUK,BURON,BURUNG
MORDER,MORDRE,MORDERE,MORDER,MOSSEGAR,MORDRE,MORDER,MUSSIAI,A MUSCA,BEISSEN,BIJTEN,BYT,BITE,BITA,BITE,BITA,BITA,BIDE,KREGIN,CNOI,GREIM DO BHAINT AS,XAPE,GRIZT,UGRISTI,KUSAT,KUSAC,KUSATY,KOUSATI,KUSNUT,GRYZC,KASTI,KOST,DANDALAV,HAPANAWA,TSAPUN,TOKNU,TOKNU,CIBONO,KETTEN,VEDDENA,KHANA,CAVNE,KERERWU,CICEL,DANDAN GEREFTAN,GAZIDAN,WARAGH,KAFSON,KCEL,DHANGO,,KEKEB,KAGAT,KAGAT,KUMUGAT,MOPAAK,,NOKOT,NYEGUT,GIGIT,NGEGEL,GIGIT,GIGIT
NEGRO,NOIR,NERO,NEGRO,NEGRE,NEGRE,MOR,NIEDDU,NEGRU,SCHWARZ,ZWART,SWART,BLACK,SVARTR,SORT,SVART,SVARTUR,SORT,DU,DU,DUBH,CERNO,CRNU,CRN,CERNYJ,CORNY,CORNYJ,CERNY,CIERNY,CZARNY,JUODAS,MELNS,KALO,KALU,KALA,KALO,KALO,KALO,KALA,KALA,KALA,KALA,KALU,TOR,SIAH,SIEX,SIYAH,IZI,SEW,MAVROS,,MAITEM,MAQITEM,AGIWAN,ITIM,ITUM,,IREN,BADENG,BIDEN,HIDEUNG,ITAM,HITAM
SANGUE,SANG,SANGUE,SANGRE,SANCH,SANG,SAUNG,SANGUINI,SINGE,BLUT,BLOED,BLOED,BLOOD,BLOO,BLOD,BLOD,BLOD,BLOD,GWAD,GWAED,FUIL,KREV,KRI,KRV,KROV,KROW,KROV,KREV,KRV,KREW,KRAUJAS,ASINIS,RAT,LE,RATH,RAGAT,KHUN,ROKTO,XUN,LEU,REKT,REKTE,LOHI,VINA,KHUN,XUN,HON,GAK,ARYUN,EMA,,ROGOQ,DUGUQ,DUGU,DUGO,DUGOE,,GETIH,GETIH,DARAQ,GETIH,DARAH,DARAH
ASSOPRAR,SOUFFLER,SOFFIARE,SOPLAR,BUFAR,BOUFA,BOFFER,SULAI,A SUFLA,WEHEN,BLAZEN,WAAI,BLOW,BLASA,BLASE,BLASA,BLASA,BLAESE,CHWEZHAN,CHWYTHU,SEIDEADH,DUXA,PIHASAPA,DUVATI,DUT,DZMUC,VIJATY,FOUKATI,DUT,DAC,PUSTI,PUST,PHURDAV,HAMANAVA,PHOKUN,PHUKNU,BAHANU,BOOA,CELLEN,VEGNA,BEHNA,VAHNE,FUKWU,LEGEDEL,VAZIDAN,VAZIDAN,KASHAGH,FRYN,P C EL,FISA,,SAGOSOB,QUYUP,MAGUYUP,UMIHIP,MOHANGIN,,SUMILIR,NYIRSIR,NIUP,NIUP,TIUP,BERTIUP
OSSO,OS,OSSO,HUESO,OS,OS,OSS,OSSU,OS,KNOCHEN,BEEN,BEEN,BONE,BEIN,BEN,BEN,BEIN,BEN,ASKORN,ASGWRN,CNAMH,KOST,KUST,KOST,KOST,KOSTKA,KIST,KOST,KOST,KOSC,KAULAS,KAULS,KOKALO,KATUWA,ADIJU,HAR,HAR,HAR,HEDDI,HEDDI,HEDDI,HAD,HARKU,HED,OSTOKHAN,USTUXON,HAD,KOCKE,OSKOR,KOKALO,,TOLAN,PESAQ,BUTUL,BUTO,BUKOG,,BALUN,TULANG,TOLAN,TULANG,TULAN,TULANG
RESPIRAR,RESPIRER,RESPIRARE,RESPIRAR,ALENAR,RESPIRA,RESPIRER,RESPIRAI,A RESPIRA,ATMEN,ADEMEN,ASEMHAAL,BREATHE,ANDA,PUSTE,ANDAS,ANDA,AANDE,ANALAT,ANADLU,ANAL DO THARRAINMGT,DISA,DIHAT,DISATI,DYSAT,DYXAC,VIDDYXATY,DYCHATI,DYCHAT,ODDYCHAC,KVEPUOTI,ELPOT,SUFLA LEL,HUSMA,SHAH HYONU,0,SAS PHERNU,SAS,SAGHINNEN,SA,SAS,SVAS,SWASLEWO,TANAFFUS KAVEL,NAFAS KASHIDAN,NAFAS KASIDAN,SAH ZIRAGH,MAR FRYME,SNJEL,ANAPNEO,,PENGINAWA,0,ARUP,HUMINGA,MOGINHAWA,,AMBEGAN,MANGKIHAN,BEREMBOK,NYEUNGHAP,BENAWA,BERNAPAS
ARDER,BRULER,ARDERE,ARDER,CREMAR,BRULA,ARDER,ABRUZAI,A ARDE,BRENNEN,BRANDEN,AANBRAND,BURN,BRENNA,BRENNE,BRANNA,BRENNA,BRAENDE,DEVIN,LLOSGI,DOGHADH,GORI,ZGORET,PALITI,GORET,PALIC,GORITY,HORETI,ZHORET,PALIC SIE,DEGTI,DEDZINAT,PABIAV,PICCENAWA,DAZUN,BALNU,JALNU,PORA,BHALAWEN,JELNA,JELNA,JELNE,BELWU,SVADZEDEL,SUKHTAN,SUXTAN,BALAGH,DIGEM,AYREL,KEO,,TOTON,SUNUG,TUTUD,MASUNOG,SUNUGON,,NOBON,MORBOR,NYEDUT,MEULEUM,TUNU,MEMBAKAR
MENINO,ENFANT,FANCIULLO,NINO,CRIATURA,ENFANT,INFAUNT,PIPPIU,COPIL,KIND,KIND,KIND,CHILD,BARN,BARN,BARN,BARN,BARN,BUGEL,PLENTYN,PAISTE,DETE,MLATOTROK,DETE,REBENOK,DZICE,DYTYNA,DITE,DIETA,DZIECKO,KUDIKIS,BERNS,CHAVO,LAMAYA,BOKUTU,BALAKHA,BALAKHA,BACCA,BECCA,BECCA,BECCA,MUL,CHOKRO,TIFL,BACHCHE,BACA,CHUKH,FOSNE,MANUK,PEDHI,,BATAQ,QISEQ,ANAK,ANAK,BATAE,,ANAK,PANAK,ANAK,BUDAK,ANAK,ANAK
NUVEM,NUAGE,NUVOLA,NUBE,NUVOL,NIVO,NUVLA,NUI,NOR,WOLKE,WOLK,WOLK,CLOUD,SKY,SKY,MOLN,SKYGGJ,SKY,KOUMOULENN,CWMWL,NEAL,OBLAK,OBLAK,OBLAK,TUCA,XMARA,XMARA,OBLAK,OBLAK,CHMURA,DEBESIS,MAKONIS,BULUTO,VALAKULA,OBUR,BADAL,BADAL,MEG,BEDDEL,BEDDEL,BADEL,DHEG,WADEL,TORA URIADZ,ABR,ABR,JH UR,RE,AMP,SIGHNEFO,,GABON,PANGANUD,PANANUD,ULAP,PANGANUD,,MEGA,GULEM,UKEP,MEGA,AWAN,AWAN
FRIO,FROID,FREDDO,FRIO,FRET,FRE,FRAID,FRIRU,RECE,KALT,KOUD,KOUD,COLD,KALDR,KALD,KALL,KALDUR,KOLD,YEN,OER,FUAR,STUDENO,MRAZ,HLADNO,XOLODNYJ,S CJUDZENA,ZYMNO,CHLADNY,STUDENY,ZIMNY,SALTAS,AUKSTS,SUDRO,SI TALA,SHITAL,JARO,THANDA,THANDA,THEND,THEND,THENDA,THEND,THENDI,SOR,SARD,XUNUK,SARTH,FTOTE,C URT,KRIOS,,MATENGAW,MANIKIQ,MARAMIG,MALAMIG,TUGNAW,,ADEM,DINGIN,NYET,TIIS,CELAP,DINGIN
VIR,VENIR,VENIRE,VENIR,VENIR,VENI,GNIR,BENNI,A VENI,KOMMEN,KOMEN,KOM,COME,KOMA,KOMME,KOMMA,KOMA,KOMME,DONT,DYFOD,TEACHT,IDVA,PRTDI,DOCI,PRIXODIT,PRYXODZIC,PRYXODYTY,PRIJITI,PRIST,PRZYCHODZIC,ATEITI,NAKT,AVAV,ANAWA,YUNU,ANU,AUNU,ASA,AWEN,ONA,ANA,YENE,AWEWU,RATLEL,AMADAN,OMADAN,AGH,VIN,GAL,ERKHOME,,DANON,0,BALIK,PUMUNTA,MOANHI,,TEKA,TEKU,DATEN,DATANG,DATAI,DATANG
CONTAR,COMPTER,CONTARE,CONTAR,CONTAR,COUMTA,DOMBRER,KONTAI,A NUMARA,ZAHLEN,REKENEN,TEL,COUNT,TELJA,TELLE,RAKNA,TELJA,TAELLE,KONTAN,RHIFO,COMHAIREAMH,BROI,STET,RACUNATI,SCITAT,LIZYC,RAXUBATY,POCITATI,POCITAT,LICZYC,SKAICIUOTI,SKAITIT,GINAVEL,GANAN,GANZARUN,GANNU,GANNU,GONA,GINNEN,GINENA,GINNA,MOJNE,GENEWU,SMEREL,SHOMORDAN,XISOB,GANNAGH,NEMERON,HAMREL,METRO,,BILAN,BILANG,MABILAN,MAGBILANG,IHAP,,NGTUN,NGETEK,NEREKEN,NGITUNG,ITON,MENGHITUNG
CORTAR,COUPER,TAGLIARE,CORTAR,TALLAR,COUPA,TAGLIER,SEGAI,A TAIA,SCHNEIDEN,SNIJDEN,SNY,CUT,SKERA,SKJAERE,SKARA,SKERA,SKAERE,TROCHAN,TORRI,GEARRADH,REZE,REZAT,SECI,REZAT,REZAC,RIZATY,REZATI,REZAT,CIAC,PIAUTI,GRIEZT,CINAV,KAPANAWA,TSATUN,KATNU,KATNU,KATA,KETTEN,KHETTENA,KATNA,KAPNE,KAPWU,PREKAVEL,BORIDAN,BURIDAN,CHAKAGH,PRES,KTREL,KOVO,,TITIG,KILAB,MANIGBAS,PUMUTOL,MOPUTOL,,NUGEL,NUGEL,MEMELEN,MOTONG,TETAK,MEMOTONG
DIA,JOUR,GIORNO,DIA,DIA,JOUR,DI,DI,ZI,TAG,DAG,DAG,DAY,DAGR,DAG,DAG,DAGUR,DAG,DEIZ,DYDD,LA,DEN,DAN,DAN,DEN,DZEN,DEN,DEN,DEN,DZIEN,DIENA,DIENA,GYES,DAVAL,DEN,DIUSO,DIN,DIN,DI,DIN,DIN,DIVES,DIWES,VRADZ,RUZ,RUZ,ROSH,DITE,OR,MERA,,ALONAN,QALLAW,SIRAN,ARAW,ADLAW,,DINA,DINA,JELO,POE,ARI,HARI
MORRER,MOURIR,MORIRE,MORIR,MORIRSE,MOURI,MORIR,MORRI,A MURI,STERBEN,STERVEN,STERF,DIE,DEYJA,DO,DO,DOYGGJA,DO,MERVEL,MARW,BAS D FHAGHAIL,UMRE,UMRT,UMRETI,UMIRAT,PAMIRAC,UMYRATY,ZEMRITI,UMIERAT,UMIERAC,MIRTI,MIRST,MERAV,MARENAWA,MARUN,MARNU,MARNU,MORA,MEREN,MERNA,MERNA,MERNE,MERWU,MREL,MORDAN,MURDAN,MIRAGH,VDES,MERNEL,PETHENO,,MATAY,PATAY,MATAY,MAMATAY,MAMATAY,,MATI,MATI,MATE,PAEH,MATI,MATI
CAVAR,CREUSER,SCAVARE,CAVAR,CAVAR,CAVA,CHAVER,SKAVAI,A SAPA,GRABEN,DELVEN,GRAAF,DIG,GRAFA,GRAVE,GRAVA,GRAVA,GRAVE,TOULLAN,PALU,ROMHAR,KOPAE,KOPAT,KOPATI,RYT,KAPAC,KOPATY,KOPATI,KOPAT,KOPAC,KASTI,RAKT,SKAVO,HARANAWA,KHANUN,KHANNU,KHANNU,KHODAI,KHODEN,KHODNA,KHODNA,KHENNE,KHODWU,KINEL,BILZADAN,KOFTAN,JANAGH,MIN,P OREL,SKAVO,,KALI,KUTKUT,MAGKUTKUT,MAGHUKAY,MOKALOT,,NDUDUK,MLUMBANG,NENALIQ,NGALI,KALI,MENGGALI
SUJO,SALE,SPORCO,SUCIO,BRUT,SALE,ASCHER,BRUTTU,MURDAR,SCHMUTZIG,VUIL,VUIL,DIRTY,SKITUGUR,SKIDDEN,SMUTSIG,SKITIN,BESKIDT,LOUS,BRWNT,SALACH,MRESNO,UMAZANU,PRLJAV,GRJAZNYJ,BRUDNY,BRUDNYJ,SPINAVY,BRUDNY,BRUDNY,NESVARUS,NETIRS,PISI,KILUTU,ACHOLU,PHORI,GUHE,MOELA,MAELA,MELLA,GENDA,GHAN,GENDU,CATAL,KASIF,CIRKIN,MELAR,FELIKUR,KELTOT,VROMIKOS,,MARIMOG,MARIPAQ,MAYAGTIN,MADUMI,HUGAW,,REGET,DAKI,KOTOR,KOTOR,KAMAH,KOTOR
CAO,CHIEN,CANE,PERRO,CA,CHIN,CHAUN,KANI,CIINE,HUND,HOND,HOND,DOG,HUNDR,HUND,HUND,HUNDUR,HUND,KI,CI,MADADH,KUCE,PAS,PAS,SOBAKA,SABAKA,SOBAKA,PES,PES,PIES,SUO,SUNS,JUKEL,BALLA,HUNU,KUKUR,KUKUR,KUKUR,KUTTA,KUTTA,KUTTA,KUTRA,KUTERO,SPAJ,SAG,SAG,BING,KEN,SUN,SKILI,,ASO,QIDUG,IDU,ASO,IROE,,ASU,CICING,BASON,ANJING,ASU,ANJING
BEBER,BOIRE,BERE,BEBER,BEURER,BEURE,BAIVER,BUFFAI,A BEA,TRINKEN,DRINKEN,DRINK,DRINK,DREKKA,DRIKKE,DRICKA,DREKKA,DRIKKE,EVAN,YFED,OL,PIE,PIT,PITI,PIT,PIC,PYTY,PITI,PIT,PIC,GERTI,DZERT,PEAV,BONAWA,CYONU,KHANU,PANI KHANU,KHAOA,PIWEN,PINA,PINA,PINE,PIWU,CSEL,NUSHIDAN,NUSIDAN,WARAGH,PI,EMPEL,PINO,,INOM,QINEM,UMINUM,UMINOM,MOINUM,,NOMBE,NGINEM,NINEM,NGINUM,IRUP,MINUM
SECCO,SEC,ASCIUTTO,SECO,SECH,SE,SECH,SIKKU,USCAT,TROCKEN,DROOG,DROOG,DRY,THURR,TORR,TORR,TURRUR,TOR,SECH,SYCH,TIRIM,SUXO,SUHO,SUV,SUXOJ,SUXI,SUXYJ,SUCHY,SUCHY,SUCHY,SAUSAS,SAUSS,SUKO,VELICCA,HOKHU,SUKYAKO,SUKO,SUKNO,SUKKA,SUKKA,SUKHA,SUKA,SUKU,VUC,KHOSHK,XUSK,HUSHK,I THAT,C OR,KSEROS,,MAGANO,BAQAS,UGA,TUYO,UGA,,GARIN,TUH,GORO,GARING,RANKAI,KERING
EMBOTADO,EMOUSSE,SMUSSATO,EMBOTADO,ROM,MOUTU,MUOT,SGURDU,TOCIT,STUMPF,STOMP,STOMP,DULL,BITLAUS,SLOV,OVASS,OHVASSUR,SLOV,DALL,DIFIN,MAOL,TEP,SKRHAN,TUP,TUPOJ,TUPY,TUPYJ,TUPY,TUPY,TEPY,BUKAS,NEASS,BIKUCIME,MOTTA,MONDU,0,BHUTTE,BHOTA,KHUNDA,KHUNDA,MUTHRA,BOTHET,BUTTNU,PEC,KOND,KYND,0,E PAPREHUR,BUT,DHEN GOVI,,TEPOL,MANGANGEL,DUMPUL,MAPUROL,HABUL,,KEUL,PUNTUL,KUDAL,MINTUL,TUMPUL,TUMPUL
PO,POUSSIERE,POLVERE,POLVO,POLS,POUSSO,PUOLVRA,PRUINI,PRAF,STAUB,STOF,STOF,DUST,RYK,STOV,STOFT,DUST,STOV,POULTRENN,LLWCH,DUSTA,PRAX,PRAH,PRASINA,PYL,PYL,POROX,PRACH,PRACH,KURZ,DULKES,PUTEKLI,SKONI,DUWILI,KHAKH,DHULO,KHAG,DHULA,MITTI,TUR,DHUL,DHUL,DHUL,GARZ,KHAK,CAND,DATO,PLUHUR,POSI,SKONI,,LOPAPEK,QABUG,GABUK,ALIKABOK,ABUG,,BLEDUG,BUK,KELEPUQ,PELEDUG,ABU,DEBU
ORELHA,OREILLE,ORECCHIO,OREJA,AURELLA,AURIHO,URAGLIA,URIGA,URECHE,OHR,OOR,OOR,EAR,EYRA,ORE,ORA,OYRA,ORE,SKOUARN,CLUST,CLUAS,UXO,USESU,UVO,UXO,VUXA,VUXO,UCHO,UCHO,UCHO,AUSIS,AUSS,KAN,KANA,KAN,KAN,KAN,KAN,KEN,KENN,KAN,KAN,KAN,GVAZ,GUSH,GUS,GOSH,VES,AKANJ,AFTI,,TANILA,TARINGA,TULI,TAINGA,DALUNGGAN,,KUPIN,KUPING,KENTOK,CEULI,PENDIN,TELINGA
TERRA,TERRE,TERRA,TIERRA,TERRA,TERRO,TERRA,TERRA,SOL,ERDE,AARDE,AARDE,EARTH,MOLD,JORD,JORD,MOLD,JORD,DOUAR,PRIDD,CRE,PREST,ZEMLA,ZEMLJA,ZEMLJA,HLEBA,ZEMLJA,PUDA,ZEM,ZIEMIA,ZEME,ZEME,POSU,PASA,METSU,MATO,MATO,MATI,ZEMIN,MITTI,MITTI,MATI,MATI,MDZEKA,ZAMIN,ZAMIN,MITTI,DHE,HOL,YI,,BOTEQ,LUPAQ,DAGA,LUPA,YUTA,,LEMAH,TANAH,TANAQ,TANEUH,TANAH,TANAH
COMER,MANGER,MANGIARE,COMER,MENJAR,MANJA,MANGER,PAPPAI,A MINCA,ESSEN,ETEN,EET,EAT,ETA,SPISE,ATA,ETA,SPISE,DEBRIN,BWYTA,ITHE,JADE,JEST,JESTI,EST,ESCI,JISTY,JISTI,JEST,JESC,VALGYTI,EST,XAV,KANAWA,KHYONU,KHANU,KHANU,KHAOA,KHAWEN,KHANA,KHANA,KHANE,KHAWU,XVAREL,KHORDAN,XURDAN,WARAGH,HA,UTEL,TROO,,KAN,KAQAN,KUMAUN,KUMAIN,MOKAON,,MANAN,DAAR,MANAN,DAHAR,MAKAI,MAKAN
OVO,OEUF,UOVO,HUEVO,OU,IOU,OV,OU,OU,EI,EI,EIER,EGG,EGG,EGG,AGG,EGG,AEG,VI,WY,UBH,JAJCE,JAJCE,JAJE,JAJCO,JAJKO,JAJCE,VEJCE,VAJCE,JAJKO,KIAUSINIS,OLA,ARNO,BITTARA,THUL,PHUL,PHUL,ANDA,ENDA,ANDA,ENDA,ENDE,INDU,HAGEJ,TOKHM,TUXM,HAIKH,KOKOVE,JU,AVGHO,,ORAK,QITLUG,ITLUG,ITLOG,ITLOG,,ENDOG,TALUH,TELOQ,ENDOG,TELU,TELUR
OLHO,OEIL,OCCHIO,OJO,ULL,UEI,OGL,OGU,OCHI,AUGE,OOG,OOG,EYE,AUGA,OYE,OGA,EYGA,OJE,LAGAD,LLYGAD,SUIL,OKO,OKO,OKO,GLAZ,VOKA,OKO,OKO,OKO,OKO,AKIS,ACS,YAK,ASA,ACHI,ANKHA,AKHO,COK,EKH,EKKH,AKH,DOLA,AKH,STERGA,CHASHM,CASM,CHHAM,SY,AC K,MATI,,MATA,MATA,MATA,MATA,MATA,,MATA,MATA,MATE,PANON,MATA,MATA
CAHIR,TOMBER,CADERE,CAER,CAURER,TOUMBA,CRUDER,ARRUI,A CADEA,FALLEN,VALLEN,VAL,FALL,FALLA,FALLE,FALLA,FALLA,FALDE,KOUEZHAN,CWYMPO,TUITIM,PADA,PADE,PASTI,PADAT,PADAC,PADATY,UPADNOUTI,PADAT,PADAC,PULTI,KRIST,PERAV,VITENAWA,PYONU,LOTNU,GIRNU,PORA,DHAWEN,DIGGENA,GIRNA,PEDNE,PERWU,LVEDEL,OFTADAN,AFTIDAN,KHAFAGH,BIE,ENKNEL,PEFTO,,OLOG,QURUG,RAGDAG,BUMAGSAK,MAHULOG,,TIBA,ULUNG,TERIQ,RAGRAG,LABOH,JATUH
REMOTO,LOIN,LONTANO,LEJOS,LLUNY,LUEN,VIA,ATTESU,DEPARTE,WEIT,VER,VER,FAR,LANGT,LANGT BORTE,FJARRAN,LANGT BURTUR,FJERN,PELL,PELL,FADA,DALEC,DALEC,DALEK,DALEKO,DALEKI,DALEKO,DALEKO,DALEKY,DALEKO,TOLIMAS,TALS,DUR,DURA,DUR,TARA,DUR,DUR,DUR,PERE,DUR,DUR,DUR,LIRI,DUR,DUR,DIR,LARK,HERU,MAKRIA,,MAWATAN,MAQAWAT,ARAYU,MALAYO,LAYO,,ADOH,JOH,JAOQ,JAUH,JAUH,JAUH
GORDURA,GRAISSE,GRASSO,GRASA,GRAS,GRAISSO,SUNDSCHA,GRASSU,GRASIME,FETT,VET,VET,FAT,FITA,FETT,FET,FITI,FEDT,DRUZONI,BRASTER,BLONAG,TLESTO,MAST,MAST,ZIR,TUK,TOVSC,TLUSTI,TLSTY,TLUSZCZ,TAUKAI,TAUKS,KHOI,TELA,BIKH,BOSO,BOSO,CORBI,MOTA,CERBI,CERBI,CERBI,CERBI,GVARI,CHARBI,RAVWAN,PHIGH,DHJAME,CARP,PAKHOS,,SIBOQ,TAVIQ,TABA,TABA,LANA,,GAJIH,MULUK,LEMU,GAJIH,LEMAK,LEMAK
PAI,PERE,PADRE,PADRE,PARE,PAIRE,BAP,BABBU,TATA,VATER,VADER,VADER,FATHER,FAOIR,FAR,FADER,FADIR,FADER,TAD,TAD,ATHAIR,DASCA,OCE,OTAC,OTEC,BACKA,BATKO,OTEC,OTEC,OJCIEC,TEVAS,TEVS,DADE,PIYA,MOLU,BABU,BABU,BABA,PYU,BAP,BAP,VEDIL,BAP,PLAR,PEDAR,PADAR,PHITH,BABA,HAYR,PATERAS,,AMAQ,QAMAQ,AMA,AMA,AMAHAN,,BAPAK,BAPA,AMAQ,BAPA,APAI,BAPAK
TEMER,CRAINDRE,TEMERE,TEMER,TEMOREJAR,CREGNE,TMAIR,TIMMI,A SE TEME DE,FURCHTEN,VREEZEN,VREES,FEAR,HRAEOASK,VAERE REDD,FARHAGA,RAEDAST,FRYGTE,DOUJAN,OFNI,TA EAGLA AIR,SE STRAXUVA,STRAH,BOJATI SE,BOJAT SJA,BAJACCA,LJAKATYS,BATI SE,BAT SA,BAC SIE,BIJOTI,BAIDITIES,TRASAV,BAYA,DARUN,DARNU,DARNU,BHOE,DEREN,DERNA,DERNA,BHINE,DERWU,BEREDEL,TARSIDAN,TARSIDAN,THURSAGH,TREMBEM,VAKHNAL,FOVUME,,KAWAN,QALLEK,DALA,MATAKOT,MAHADLOK,,WEDI,TAKUT,TAKUT,SIEUN,TAKUT,TAKUT
PENNA,PLUME,PIUMA,PLUMA,PLOMA,PLUMO,PENNA,PINNA,PANA,FEDER,VEDER,VEER,FEATHER,FJOOUR,FJAER,FJADER,FJODUR,FJER,PLUENN,PLUFYN,CLEITE,PERO,PERU,PERO,PERO,PERA,LJAK,PERO,PERO,PIORO,PLUNKSNA,SPALVA,PHAK,PIHATTA,PAKHACH,PWANKH,PWAKH,PALOK,PER,KHEMB,PER,PIS,PICU,BENA,PAR,PAR,PHAR,PENDE,T EW,FTERO,,BOLBOL,BUBUL,BULBUL MANUK,BALAHIBO,BALAHIBO,,WULU,BULU,BULU,BULU,BULU,BULU
POUCOS,PEU,POCHI,POCO,POCH,PAU,POCHA,PAGUS,PUTINI,WENIG,WEINIG,NPAAR,FEW,FAIR,FA,FA,FAIR,FAA,NEBEUTA,YCHYDIG,BEAGAN,MALKO,MALO,NEKOLIKO,MALO,KRYXU,KIL KA,MALO,NIEKOLKO,MALO,NEDAUG,MAZLIET,XARNWK,TIKA,MAINAY,KAMTI,THOR,OLPO,THORE,THORA,THORA,THODA,THORU,LEZ,KAM,KAM,KHARDE,PAK,K IC,LIYI,,0,0,0,KAUNTI,PIPILA,,0,0,0,SAEUTIK,0,SEDIKIT
PELEJAR,SE BATTRE,COMBATTERE,BATALLAR,LLUYTAR,SE BATRE,CUMBATTER,CERTAI,A,KAMPFEN,VECHTEN,VEG,FIGHT,RIFAST,SLASS,STRIDA,BERJAST,KAEMPE,EN EM GANNAN,YMLADD,TROID,SE BIE,TJEPES,BORITI SE,DRAT SJA,BICCA,BYTYS,BOJOVATI,BIT SA,BIC SIE,KOVOTI,KAUTIES,MAREL,SANDU,LADUN,LARNU,JUJHNU,LORA,LEREN,LERNA,LERNA,LEDHNE,LEREWU,DZANGEDEL,JANGIDAN,CANG KARDAN,MIRAGH,LEFTON,PAYK AR,POLEMO,,0,0,0,LABAN,AWAY,,0,0,0,GELUT,0,PERKELAHIAN
FOGO,FEU,FUOCO,FUEGO,FOCH,FIO,FO,FOGU,FOC,FEUER,VUUR,VUUR,FIRE,ELDR,VARME,ELD EN,ELDUR,ILD,TAN,TAN,TEINE,OGEN,OGEN,VATRA,OGON,VAGON,VOGON,OHEN,OHEN,OGIEN,UGNIS,UGUNS,YAK,GINDARA,NAR,AGO,AGO,AGUN,BHA,EGG,AG,AG,AG,OR,ATASH,OTAS,AS,ZJAR,KRAK,FOTYA,,APOI,QATURUN,APUY,APOY,KALAYO,,GENI,API,API,SEUNEU,API,API
PEIXE,POISSON,PESCE,PEZ,PEIX,PEIS,PESCH,PISSI,PESTE,FISCHE,VISCH,VIS,FISH,FISKR,FISK,FISK,FISKUR,FISK,PESK,PISGODYN,IASC,RIBA,RIBA,RIBA,RYBA,RYBA,RYBA,RYBA,RYBA,RYBA,ZUVIS,ZIVS,MACHO,MALU,GAD,MACHHA,MACHO,MAC,MECHLI,MECCHI,MECHLI,MASA,MACHELI,KAB,MAHI,MOXI,MAHI,PESK,JUK,PSARI,,SEDAQ,KAYA,ISDA,ISDA,ISDA,,IWAK,BE,EMPAQ,LAUK,IKAN,IKAN
CINCO,CINQ,CINQUE,CINCO,CINCH,CINQ,TSCHINCH,CINKU,CINCI,FUNF,VIJF,VYF,FIVE,FIMM,FEM,FEM,FIMM,FEM,PEMP,PUMP,CUIG,PET,PJT,PET,PJAT,PJAC,P JAT,PET,PAT,PIEC,PENKI,PIECI,PANCH,PAHA,PANTS,PANCH,PAC,PAC,PENJ,PENJ,PAC,PAC,PAE,PINDZE,PANJ,PANC,PHANCH,PESE,HING,PENDE,,0,LIMA,LIMA,LIMA,LIMA,,LIMA,LIME,LIMA,LIMA,LIMA,LIMA
ABOIAR,FLOTTER,GALLEGGIARE,FLOTAR,SURAR,FLOUTA,0,GALLEGAI,A PLUTI,SHWEBEN,DRIJVEN,DRYF,FLOAT,FLJOTA,FLYTE,FLYTA,FLOTA,FLYDE,NEUIN,NOFIO,SNAMH,SE NOSI,PLAVAT,PLOVITI,PLAVAT,PLAVAC,PLAVATY,VZNASETI SE,PLAVAT,PLYNAC,PLAUKTI,PELDET,URNEL,PAVENAWA,YIRUN,BAHNU,PAURANU,BHASA,TAEREN,TERNA,UTERANA,TERNE,TEREWU,GERZEDEL,0,SINO KARDAN,LURAGH,JAM MBI VALET,LUAL,PLEO,,0,0,0,LUTANG,0,,0,0,0,NGAMBANG,0,MENGAPUNGAPUNG
CORRER,COULER,SCORRERE,FLUIR,CORRER,COULA,FLUIR,KURRI,A CURGE,FLIESSEN,STROOMEN,VLOEI,FLOW,RENNA,RENNE,FLYTA,RENNA,FLYDE,REDEK,LLIFO,RITH,TECE,PLAVATI,TECI,TEC,PLYC,TEKTY,TECI,PLYNUT,CIEC,TEKETI,PLUST,SHORDYOL,GALANAWA,WAHUN,BAHANU,BAGNU,BOOA,WAWEN,VEGNA,BEHNA,VAHNE,WEHEWU,BAHEDEL,JARI SHODAN,CORI SUD,BAHAGH,RIETH,HOSEL,REO,,BOAK,0,LAGNAS,DUMALOY,AGAS,,MILI,MEMBAH,NELEK,NGALIR,ARUNG,MENGALIR
FLOR,FLEUR,FIORE,FLOR,FLORS,FLOUR,FLUR,FRORI,FLOARE,BLUME,BLOEM,BLOM,FLOWER,BLOM,BLOMST,BLOMMA,BLOMA,BLOMST,BLEUNIENN,BLODYN,BLATH,CVETE,CVET,CVET,CVET,KVETKA,KVITKA,KVETINA,KVET,KWIAT,GELE,PUKE,LULUGI,MALA,POSH,PHUL,PHUL,PHUL,PHUL,PHULL,PHUL,PHUL,FUL,GUL,GOL,GUL,PHUL,LULE,CATIK,LULUDHI,,BOLAK,BULAK,BUSAN,BULAKLAK,BULAK,,KEMBAN,BUNGA,KEMBAN,KEMBANG,BUNAI,BUNGA
VOAR,VOLER,VOLARE,VOLAR,AIXECAR,VOULA,SVOLER,BOLAI,A ZBURA,FLIEGEN,VLIEGEN,VLIE,FLY,FLJUGA,FLY,FLYGA,FLUGVA,FLYVE,NIJAL,HEDFAN,EITILT,DALETI,LETETI,LETETI,LETET,LETAC,LITATY,LETATI,LETET,LECIEC,SKRISTI,LIDOT,UCAV,PIHA,WUPHUN,URNU,URNU,ORA,UDDEN,UDDENA,URNA,UDNE,URWU,ALVOTEL,PARVAZ KARDAN,PARVOZ KARDAN,BAL GIRAGH,FLUTURON,T RC EL,PETO,,LAYOG,LAYUG,LUMAYAN,LUMIPAD,MOLUPAD,,MABUR,MAKEBER,KELEP,HIBER,TEREBAI,TERBANG
NEVOEIRO,BROUILLARD,NEBBIA,NIEBLA,BOYRA,NEBLO,TSCHIERA,NEBBIA,CEATA,NEBEL,NEVEL,MIS,FOG,THOKA,TAKE,TJOKA,TOKA,TAAGE,LATAR,NIWL,CEO,MEGLA,MEGLA,MAGLA,TUMAN,IMHLA,MRJAKA,MLHA,HMLA,MGLA,MIGLA,MIGLA,KATAXNYA,MIOUMA,WUNAL,KUHIRO,KUIRO,KUASA,DHUNDH,TUND,KOHRA,DHUKE,DHUMMES,MIH,MEH,TUMAN,DITHLO,MJERGUL,MSUS,KATAKHNYA,,LEKEP,0,ALINYABU,HAMOG,GABON,,PEDUT,LIMUT,AWUNAWUN,HALIMUN,APOK,KABUT
PE,PIED,PIEDE,PIE,PEU,PED,PE,PEI,PICIOR,FUSS,VOET,VOET,FOOT,FOTR,BEN,FOT,FOTUR,FOD,TROAD,TROED,COS,KRAK,STAPOLU,NOGA,NOGA,STAPA,NOGA,NOHA,NOHA,STOPA,KOJA,KAJA,CANK,KAKULA,KHOR,KHUTTA,KHUTTO,PA,PAER,PER,PER,PAUL,PEG,PSA,PA,PO,PHADH,KEMBE,OT,PODHI,,AQI,BITIQIS,RAPARAPA,BINTI,TIIL,,SIKIL,BATIS,NAE,KAKI,KAKI,KAKI
QUATRO,QUATRE,QUATTRO,CUATRO,QUATRE,QUATRE,QUATTER,KWATTRU,PATRU,VIER,VIER,VIER,FOUR,FJORIR,FIRE,FYRA,FYRA,FIRE,PEVAR,PEDWAR,CEATHAIR,CETIRI,STJRI,CETIRI,CETYRE,CATYRY,COTYRY,CTYRI,STYRI,CZTERY,KETURI,CETRI,ISTAR,HATARA,TSOR,CHAR,CAR,CAR,CAR,CAR,CAR,CAR,CAR,CALOR,CHAHAR,COR,CHIAR,KATER,CORS,TESERIS,,PAT,QUPAT,UPAT,APAT,KWATRO,,PAPAT,PATPAT,EMPAT,OPAT,AMPAT,EMPAT
GELAR,GELER,GELARE,HELAR,GELAR,GELA,DSCHLER,GELAI,A INGHETA,FRIEREN,VRIEZEN,VRIES,FREEZE,FRJOSA,FRYSE,FRYSA,FRYSTA,FRYSE,REVIN,RHEWI,REODHADH,ZAMREZVA,ZMRZNE,SLEDITI SE,ZAMERZAT,ZJAMARATYVAC,MERZNUTY,MRZNOUTI,MRZNUT,ZAMARZAC,SALDYTI,SALT,BUZLANDU,SITA,HANDARUN,0,JAMNU,JOMAT,JEMMEN,JEMMENA,JEMNA,GOTHNE,THERWU,JAX KEDEL,YAKH BASTAN,JAX KARDAN,MADHAGH,GRIN,SAREL,INE PAGHONYA,,0,0,0,TIGAS,0,,0,0,0,BEKU,0,MEMBEKU
FRUCTO,FRUIT,FRUTTO,FRUTO,FRUYT,FRU,FRUT,FRUTTA,FRUCT,FRUCHT,VRUCHT,VRUG,FRUIT,AVOXTUR,FRUKT,FRUKT,FRUKT,FRUGT,FROUEZH,FFRWYTH,TORADH,PLOD,SADJE,VOCE,PLOD,PLOD,OVOC,OVOCE,OVOCIE,OWOC,VAISIUS,AUGLIS,EMISA,PALATURU,PHAL,PHALPHUL,PHAL,PHOL,PHEL,PHEL,PHEL,PHEL,FEL,MEVA,MIVE,MEVA,MEWA,FRUTA,BUDUGH,FRUTO,,BONA,BUNGA ,BURAK,BUNGA,BUNGA,,WOHWOHAN,WOHWOHAN,BUAQBUAQAN,BUBUAHAN,BUAH,BUAHBUAHAN
DAR,DONNER,DARE,DAR,DONAR,DOUNA,DER,DONAI,A DA,GEBEN,GEVEN,GEE,GIVE,GEFA,GI,GIVA,GEVA,GIVE,REIN,RHOI,TABHAIRT,DAVA,DATI,DATI,DAVAT,DAVAC,DAVATY,DAVATI,DAT,DAWAC,DUOTI,DOT,DAV,DENAWA,DYUNU,DINU,DINU,DEOA,DEWEN,DENA,DENA,DENE,APWU,VERKAVEL,DADAN,DODAN,DEAGH,JAP,TAL,DHINO,,0,0,0,BIGAY,HATAG,,0,0,0,MERE,0,MEMBERI
BOM,BON,BUONO,BUENO,BO,BON,BUNA,BONU,BUN,GUT,GOED,GOED,GOOD,GOOR,GOD,GOD,GODUR,GOD,MAT,DA,MAITH,DOBRO,DOBRO,DOBAR,XOROSIJ,DOBRY,DOBRYJ,DOBRY,DOBRY,DOBRY,GERAS,LABS,LACHO,HONDA,KHARA,RAMRO,BHALO,BHALO,CENGA,CENGA,ECCHA,CANGLA,SARU,SA,KHUB,XUB,PHUTUR,IMIRE,LAV,KALOS,,MAPIA,DAYAW,MAYAD,MABUTI,MAAYO,,APIK,MELAH,BAGUS,ALUS,BAIK,BAIK
HERVA,HERBE,ERBA,HIERBA,HERBA,ERBO,ERVA,ERBA,IARBA,GRAS,GRAS,GRAS,GRASS,GRAS,GRESS,GRAS,GRASS,GRAES,GEOT,PORFA,FEAR,TREVA,TRAVA,TRAVA,TRAVA,TRAVA,TRAVA,TRAVA,TRAVA,TRAWA,ZOLE,ZALE,CAR,TANAKOLA,GASA,GHAS,GHAS,GHAS,GHA,KA,GHAS,GEVET,GHAS,VASE,ALAF,ALAF,RENV,BAR,XOT,KHORTARI,,OTAN,0,RIKUT,DAMO,SAGBUT,,SUKET,PADANG,REBU,JUKUT,RUMPUT,RUMPUT
VERDE,VERT,VERDE,VERDE,VERT,VERT,VERD,BIRDI,VERDE,GRUN,GROEN,GROEN,GREEN,GRAENN,GRONN,GRON,GRONUR,GRON,GLAS,GWYRDD,GLAS,ZELENO,ZELENO,ZELEN,ZELENYJ,ZJALENY,ZELENYJ,ZELENY,TRAVNIK,ZIELONY,ZALIAS,ZALS,ESILI,KOLA,NYULU,HARIO,HARIYO,SOBUJ,HERA,HERA,HERA,HIRVA,LILU,SIN,SABZ,SABZ,SAVZ,GELBER,KANAC,PRASINOS,,GADON,MARUNAW,LATUY,LUNTIAN,HILAW,,IJO,GADANG,EJO,HEJO,IJAU,HIJAU
TRIPAS,BOYAU,INTESTINO,INTESTINO,BUDELL,BUDEU,BOGL,MAZZAMINI,MARUNTAIE,EINGEWEIDE,DARM,INGEWAND,GUTS,THARMAR,TARMER,TARM,TARMAR,TARM,BOUZELLOU,PERFEDD,HUTOGA,CERVA,CEJVA,UTROBA,KISKI,KISKI,KISKI,VNITRNOSTI,VNUTORNOSTI,KISZKI,VIDURIAI,ZARNAS,PORA,BADAVEL,TSAPH,0,ANRA,NARIBHURI,HIMMET,ANDER,AT,ATEDE,ANTERLA,KULMA,RUDE,RUDA,ROTH,ZORE,ALI,ANDERA,,TINAQI,TINAQI,BITUKA,BITUKA,TINAI,,USUS,BABETUKAN,BADUK,PEUJIT,PERUT,USUS
CABELLO,CHEVEU,CAPELLO,CABELLO,PEL,PEU,CHAVE,PILU,PAR,HAAR,HAAR,HAAR,HAIR,HAR,HAR,HAR,HAR,HAAR,BLEV,GWALLT,GRUAIG,KOSA,LASJE,KOSA,VOLOSY,VOLAS,VOLOSSJA,VLASY,VLAS,WLOSY,PLAUKAS,MATS,BALA,KES,MAS,RAUN,KAPAL,KES,WAL,VAL,BAL,KES,WAL,VESTE,MU,MUJ,PHUT,LES,MAZ,MALYA,,BOK,LUGAY,BUHUK,BUHOK,BUHOK,,RAMBUT,BOK,BULU,RAMBUT,BOK,RAMBUT
MAO,MAIN,MANO,MANO,MA,MAIN,MAUN,MANU,MINA,HAND,HAND,HAND,HAND,HOND,HAND,HAND,HOND,HAAND,DORN,LLAW,LAMH,REKA,RAKA,RUKA,RUKA,RUKA,RUKA,RUKA,RUKA,REKA,RANKA,ROKA,VAS,ATA,ATHA,HATH,HAT,HAT,HETH,HETTH,HATH,HAT,NATH,LAS,DAST,DAST,DAST,DORE,JERK,CHERI,,LIMA,BEKTEN,KAMANG,KAMAY,KAMUT,,TANAN,LIMA,IME,LEUNEUN,TANAN,TANGAN
ELLE,IL,EGLI,EL,LO,EU,EL,ISSU,EL,ER,HIJ,HY,HE,HANN,HAN,HAN,HANN,HAN,EN,EFE,SE,TOJ,ON,ON,ON,EN,VIN,ON,ON,ON,JIS,VINS,KOVA,OHU,SUH,U,TYO,SE,O,O,VOH,TO,E,DE,U,VAJ,I,AY,NA,AFTOS,,SEKANIAN,0,SIYA,SIYA,SIYA,,DEWEKE,IA,IYE,MANEHNA,IA,DIA
CABECA,TETE,TESTA,CABEZA,CAP,TESTO,TESTA,KONKA,CAP,KOPF,HOOFD,HOOF,HEAD,HOFUO,HODE,HUVUD,HOVD,HOVED,PENN,PEN,CEANN,GLAVA,GLAVA,GLAVA,GOLOVA,GALAVA,GOLOVA,HLAVA,HLAVA,GLOWA,GALVA,GALVA,SORO,OLUWA,KALA,TAUKO,MANTO,MATHA,SIR,SIR,SIR,DOKE,MATHU,SAR,SAR,SAR,SAGHAR,KOKE,GLUX,KEFALI,,OLO,QURU,ULU,ULO,ULO,,SIRAH,TENDAS,OTAK,SIRAH,PALA,KEPALA
OUVIR,ENTENDRE,UDIRE,OIR,SENTIR,ENTENDRE,UDIR,INTENDI,A AUZI,HOREN,HOOREN,HOOR,HEAR,HEYRA,HORE,HORA,HOYRA,HORE,KLEVOUT,CLYWED,CLOS,CUVA,CUJES,CUTI,SLYSAT,CUC,SLUXATY,SLYSETI,CUT,SLYSZEC,GIRDETI,DZIRDET,ASUNAV,AHANAWA,BOZUN,SUNNU,SUNNU,SONA,SUNNEN,SUNENA,SUNNA,EYKNE,SAMBHELEWU,ARVEDEL,SHENIDAN,SUNIDAN,ASKHANAGH,DEGON,LSEL,AKUO,,MAKINEG,DENGEG,DUNUG,MAKINIG,MADUNGOG,,KRUNU,NINGEH,DEDENAH,NGADENGE,DINA,MENDENGAR
CORACAO,COEUR,CUORE,CORAZON,COR,COR,COUR,KORI,INIMA,HERZ,HART,HART,HEART,HJARTA,HJERTE,HJARTA,HJARTA,HJERTE,KALON,CALON,CROIDHE,SERCE,SRCJ,SRCE,SERDCE,SERCA,SERCE,SRDCE,SRDCE,SERCE,SIRDIS,SIRDS,ILO,PAPUWA,DIL,MUTO,HIYO,BUK,DIL,DIL,DIL,HRIDEY,0,ZRE,QALB,DIL,DIL,ZEMER,SIRT,KARDHYA,,0,0,0,PUSO,KASINGKASING,,0,0,0,JANTUNG,0,JANTUNG
PESADO,LOURD,PESANTE,GRAVE,FEIXUCH,LOURD,PESANT,GRAI,GREU,SCHWER,ZWAAR,SWAAR,HEAVY,THUNGR,TUNG,SVAR,TUNGUR,TUNG,PONNER,TRWM,TROM,TEZKO,TEZKO,TEZAK,TJAZELYJ,CJAZKI,TJAZKYJ,TEZKY,TAZKY,CIEZKI,SUNKUS,SMAGS,PHARO,BARA,GOBU,GARUNGO,GARAU,BHARI,BHARI,PARA,BHARI,JED,BHARE,DRUND,SANGIN,VAZNIN,GIRAN,I RENDE,CANR,VARIS,,BETENAN,MABEGAT,MABUYAT,MABIGAT,BUGAT,,ABOT,BAAT,BERAT,BEURAT,BERAT,BERAT
AQUI,ICI,QUI,AQUI,AQUI,EICI,TSCHO,INNOI,AICI,HIER,HIER,HIER,HERE,HER,HER,HAR,HER,HER,AMAN,YMA,ANNSO,TUK,TUKAJ,OVDE,ZDES,TUT,TUT,ZDE,TU,TU,CIA,SEIT,KATE,METANA,YOR,YAHAN,YATA,EKHANE,ITTHA,ETTHE,YEHA,ITHE,EHI,DELTA,INJA,DAR NI CO,EDHA,KETU,AYSTEL,EDHO,,0,0,0,DITO,DIDTO,,0,0,LEQ TE,DIEU,0,DISINI
DAR UMA PANCADA,FRAPPER,BATTERE,GOLPEAR,COPEJAR,PICA,COLPIR,PIGAI,A NIMERI,SCHLAGEN,RAKEN,SLAAN,HIT,SLA,SLA,SLA,SLAA,RAMME,SKEIN,BWRW,BUALADH,UDARI,UDARIT,UDARITI,BIT,UDARAC,UDARJATY,UHODITI,UDERIT,BIC,MUSTI,IESIST,CALAVAV,GAHANAWA,LAYUN,HANNU,THOKNU,MARA,MAREN,THOKKER,MARNA,APETNE,MAREWU,VAHEL,ZADAN,ZADAN,JANAGH,GODIT,XPEL,KHTIPO,,TOTOG,0,HAMPAK,PALUIN,MOBANGAG,,NUTUK,NYAGUR,MEMANTOK,NEUNGGEUL,PUKUL,MEMUKUL
TER,TENIR,TENERE,TENER,TENIR,TENI,TGNAIR,TENNI,A TINE,HALTEN,HOUDEN,HOU,HOLD,HALDA,HOLDE,FAST HALLA,HALDA,HOLDE,DERC HEL,DAL,RUD DO CHOINNEAIL SA LAIMH,DERZI,DRZAT U RAKI,DRZATI,DERZAT,TPYMAC,TRYMATY,DRZETI,DRZAT,TRZYMAC,LAIKYTI,TURET,ASTARAV,ALLAGANAWA,HYONU,THAMNU,0,DHORA,PEKREN,PHERNA,DHERNA,DHERNE,PEKERWU,LAREL,GEREFTAN,DAST GIRIFTAN,0,MBAN,UNEL,KRATO,,KAPET,TAKMAG,MAGHIYAPUT,HAWAKAN,MOHAWID,,NEKEL,NGISI,NENTIQ,NYEKEL,PEGAI,MEMEGANG
COMO,COMMENT,COME,COMO,COM,COUME,QUANT,KOMMENTI,CUM,WIE,HOE,HOE,HOW,HVERNIG,HVORLEDES,HUR U,HVUSSUR,HOORLEDES,PENAOS,SUT,CONAS,KAK,KAKO,KAKO,KAK,JAK,JAK,JAK,AKO,JAK,KAIP,KA,SAR,KOHOMADA,KETHA,KASTO,KASO,KEMON,KIWE,KIS,KESA,KESA,KEM,CENGA,CHETOWR,CI TAVR,CHACCHO,SI,INC PES,POS,,AI,PILA,ABITAY,PAANO,UNSAON,,PIYE,KENKEN,BEREMBE,KUMAHA,KATI,BAGAIMANA
CACAR,CHASSER,CACCIARE,CAZAR,CASSAR,CASSA,CHATSCHER,KASSAI,A VINA,JAGEN,JAGEN,JAG,HUNT,VEIOA,GA PA JAKT,JAGA,VEIDA,JAGE,CHASEAL,HELA,SEILG,XODIS NA LOV,JAGAT,LOVITI,OXOTITSJA,NALJARAC,POLJUVATY,LOVITI,HONIT,POLOWAC,MEDZIOTI,MEDIT,MUDAREL,DADAYAM,SHIKAR KARUN,0,SIKAR KHELNU,SIKAR,SIKARKHEDEN,SEKAR,SIKAR,SIKAR,SIKARKERWO,SKAR KAVEL,SHEKAR KARDAN,SIKOR KARDAN,SHIKAR KHANAGH A PHA,VETE PER GA,ORSAL,KINIGHO,,ANOP,QAGUS,MANGIDU,MANGASO,MANGAYAM,,MBEBEDAG,MABOROS,NYERAN,MORO,GIGA,BERBURU
MARIDO,MARI,MARITO,MARIDO,MARIT,MARIT,MARID,MARIRU,SOT,EHEMANN,ECHTGENOOT,MAN,HUSBAND,MADUR EIGINMADUR,I,HUSHALLA,MADUR,MAND,GWAZ,GWR,FEAR,SEPRUG,MAS,MUZ,MUZ,SUZENEC,MUZ,MANZEL,MANZEL,MAZ,VYRAS,VIRS,ROM,PURUSAYA,RUNU,LOGNIA,POI,SAMI,GEBHRU,PETI,PETI,NEVRA,PATI,MERE,SHOWHAR,SAVXAR,MARD,BURE,AMUSIN,ANDRAS,,KAWIN,BANA,ASAWA,ASAWANG LALAKE,BANA,,BOJO,KURENAN,SEMAME,SALAKI,LAKI,SUAMI
EU,JE,IO,YO,JO,IEU,EAU,DEU,EU,ICH,IK,EK,I,EG,JEG,JAG,EG,JEG,ME,FI,ME,AZ,JEST,JA,JA,JA,JA,JA,JA,JA,AS,ES,ME,MAMA,BOH,M,MA,AMI,MAE,ME,ME,MI,HU,ZE,MAN,MAN,MAN,UNE,ES,EGHO,,AKO,0,AKU,AKO,AKO,,AKU,ICANG,AKU,KURING,AKU,SAYA
GELO,GLACE,GHIACCIO,HIELO,GEL,GLACO,GLATSCH,GIACCU,GHEATA,EIS,IJS,YS,ICE,IS,IS,IS,ISUR,IS,SKORN,IA,LEAC OIDHRE,LED,LETT,LED,LED,LED,LID,LED,LAD,LOD,LEDAS,LEDUS,BUZO,HIMA,SHUH,HIUN,HIU,BOROP,BERF,BEREPH,BERPH,BERPHE,BEREF,JAX,YAKH,JAX,BAWAR,KALKAN,SAROYC,PAGHOS,,0,0,0,YELO,YELO,,0,0,0,0,0,AIS
SE,SI,SE,SI,SI,SE,SCHA,SI,DACA,WENN,INDIEN,AS,IF,EF,HVIS,OM,UM,HVIS,MA,OS,MA,AKO,CEBIBLO,AKO,ESLI,KALI,JAKSCO,JESTLI,KED,JESLI,JEI,JA,TE,TOT,YED,BHANEDEKHIN,JADI,JODI,JE,EGER,EGER,JER,JO,KA,AGAR,AGAR,AR,PO,YETE,AN,,ONTOL,QAW,NU,KUNG,KUNG,,NEK,YEN,LAMUN,LAMUN,ENTI,KALAU
EM,DANS,DENTRO,EN,SOBRE,DINS,IN,IN,IN,IN,IN,IN,IN,I,I,I,I,I,E,YN,I,V,NOTRI,U,V,U,V,V,V,W,I,LAPA,ANDRE,HI ATULA,MANZ,MA,MA,ONDOR,ENDER,ENDER,ENDER,AT,MA,PE,DAR,BA,NIANWAN,BRENDA,MEJ,SE,,SAN,0,SA BASAD,LOOB,SA SULOD,,ANA NJERO,DI TENGAH,LEQ DALEM,DIJERO,ALAM,DI DALAM
MATAR,TUER,UCCIDERE,MATAR,NAFRAR,TUA,MAZZER,BOCCIRI,A OMORI,TOTEN,DOODEN,DOODMAAK,KILL,DREPA,DREPE,DODA,DREPA,DRAEBE,LAZHAN,LLADD,MARBHUGHADH,UBIVA,UBIJAT,UBITI,UBIVAT,ZABIVAC,UBYVATY,ZABITI,ZABIT,ZABIJAC,UZMUSTI,NOGALINAT,MUNDARAV,MARANAWA,MARUN,0,MARNU,MARA,MAREN,MARNA,MARNA,THAR,MAREWU,VAZEL,KOSHTAN,ZADAN,KHUSHAGH,VRAS,SPANEL,SKOTONO,,BONOQ,PATAY,MATYUN,PATAYIN,MOPATAY,,MATENI,NGAMATIANG,NYEMATEQ,MAEHAN,BUNOH,MEMBUNUH
SABER,SAVOIR,SAPERE,SABER,SENTIRSE,SABE,SAVAIR,SIRI,A STI,WISSEN,WETEN,WEET,KNOW,VITA,VITE,VETA,VITA,VIDE,GOUZOUT,GWYBOD,TA A FHIOS AIGE,ZNAE,ZNAS,ZNATI,ZNAT,VEDAC,ZNATY,VEDETI,VEDIET,ZNAC,ZINOTI,ZINAT,JANAV,KARUNU,ZANUN,JANNU,JANNU,JANA,JANEN,JANNENA,JANNA,JANNE,JANEWU,POHEDEL,DANESTAN,DONISTAN,SAHIH BIAGH,DI,GITENAL,KSERO,,BENTAW,KILARA,MAGKAALAMAN,ALAMIN,MAALAMON,,NERTI,TAWANG,TAUQ,NYAHO,TAU,TAHU
LAGO,LAC,LAGO,LAGO,ESTANY,LAU,LEJ,LAGU,LAC,SEE,MEER,MEER,LAKE,VATN,VANN,SJO,VATN,SO,LENN,LLYN,LOCH,EZERO,JEZERO,JEZERO,OZERO,VOZERA,OZERO,JEZERO,JAZERO,JEZIORO,EZERAS,EZERS,LIMNI,WEWA,SAR,TALAU,JHIL,BIL,JHIL,CIL,JHIL,TELE,SEROWER,KUL,DARYACHE,KUL,DHAND,GOL,LIC,LIMNI,,LANAW,DANAQ,DANAW,LAWA,LINAW,,TLAGA,DANU,SEGARE ANAK,TALAGA,DANAU,DANAU
RIR,RIRE,RIDERE,REIR,RIURER,RIRE,RIR,ARRIRI,A RIDE,LACHEN,LACHEN,LAG,LAUGH,HLAEJA,LE,SKRATTA,LAEA,LE,C HOARZHIN,CHWERTHYN,GAIRIGHE,SE SMEE,SMEJAT,SMIJATI SE,SMEJAT SJA,C MJAJACCA,SMIJATYC,SMATI SE,SMIAT SA,SMIAC SIE,JUOKTIS,SMIETIES,ASAV,HINAWENAWA,ASUN,HANSNU,HASNU,HASA,HESSEN,HESSENA,HESNA,HESNE,HESWU,XANDEL,KHANDIDAN,XANDIDAN,KHANDAGH,KES,CICAL,YELO,,KALAQ,QIKEL,AKAK,TUMAWA,MOKATAWA,,NGUYU,KEDEK,KEREREQ,SEURI,KETAWA,TERTAWA
FOLHA,FEUILLE,FOGLIO,HOJA,FULLA,FUEIO,FOGLIA,FOLLA,FRUNZA,BLATT,BLAD,BLAD,LEAF,LAUFBLAO,BLAD,LOV,BLAO,LOV,DELIENN,DALEN,DUILLEOG,LIST,PERU,LIST,LIST,LIST,LYST,LIST,LIST,LISC,LAPAS,LAPA,PATRIN,KOLAYA,PAN,PAT,PAT,PATA,PETTA,PETTA,PETTA,PAN,PAN,PANA,BARG,BARG,THAKH,FLETE,TEREW,FILO,,RAQON,DAQUN,LABUN,DAHON,DAHON,,GODON,DON,GEDEN,DAUN,DAUN,DAUN
ESQUERDO,GAUCHE,SINISTRO,IZQUIERDO,ESQUER,GAUCHE,SCHNESTER,MANKA,STING,LINK,LINKS,LINKS,LEFT,VINSTRI,VENSTRE,VANSTER,VINSTRI,VENSTRE,KLEIZ,CHWITH,CLE,LJAVO,LEVIC,LJEVICA,LEVYJ,LEVY,LIVYJ,LEVY,LAVY,LEWY,KAIRYS,KREISAIS,NASUL,VAMATA,KHOWORU,DEBRO,DEBRE,BA,KHEBBA,KHEBBA,BAYA,DAVA,DABU,KIN,CHAP,CAP,CHAP,MENGER,JAX,ZERVOS,,DIWAN,KAWARA NA QUTAW,WALA,KALIWA,WALA,,KIWA,KEBOT,KIRI,KENCA,KIBA,KIRI
PERNA,JAMBE,GAMBA,PIERNA,CAMA,CAMBO,CHAMMA,KAMBA,PICIOR,BEIN,BEEN,BEEN,LEG,FOTR,BEN,BEN,BEIN,BEN,GAR,COES,COS,KRAK,NOGA,NOGA,NOGA,NAGA,NOGA,NOHA,NOHA,NOGA,KOJA,KAJA,CANK,KAKULA,ZANG,KHUTTA,KHUTTO,PA,TENG,LETT,TAG,PAY,PEG,PSA,PA,PO,PHADH,KEMBE,OT,PODHI,,AQI,BITIQIS,RAPARAPA,BINTI,TIIL,,SIKIL,BATIS,NAE,KAKI,KAKI,KAKI
ESTAR POSTO,SE COUCHER,GIACERE,YACER,RESPOSAR,COUCHA,GIASCHAIR,SIKROKKAI,A STA CULCAT,LIEGEN,LIGGEN,LE,LIE,LIGGJA,LIGGE,LIGGA,LIGGJA,LIGGE,GOURVEZ,GORWEDD,LUIGHE,LEZI,LEZI,LEZATI,LEZAT,ABKLADAC,LEZATY,LEZETI,LEZAT,LEZEC,GULETI,GULET,UZANURUM,ALA,0,0,KOLTE SUTNU,SOA,LETEN,LETNA,LETNA,PEDNE,SUWU,PREVATELAJ,KHABIDAN,DAROZ KASIDAN,WAFSAGH,STRITEM,PARKEL,IME KSAPLOMENOS,,IGAQ,0,IGYA,HUMIGA,MOHIGDAE,,TURON,NGEBAH,TINDOK,NGAGOLER,GALI,BERBARING
VIVER,VIVRE,VIVERE,VIVIR,VIVRER,VIEURE,VIVER,BIVI,A TRAI,LEBEN,LEVEN,LEEF,LIVE,LIFA,LEVE,LEVA,LIVA,LEVE,BEVAN,BYW,MAIREACHTAINT,ZIBEE,ZIVI,ZIVITI,ZIT,ZYC,ZYTY,ZITI,ZIT,ZYC,GYVENTI,DZIVOT,ZHUVEL,JIVAT,LASUN,JIUNO,JIUNU,JIOA,JIWEN,RENA,JINA,JEGNE,JIWEWU,ZVAND KAVEL,ZENDEGI KARDAN,ZINDAGI KARDAN,ZINDAGH,RON,APREL,ZO,,OIAG,0,BUHI,MABUHAY,MABUHI,,URIP,IDUP,IDUP,HIRUP,IDUP,HIDUP
FIGADO,FOIE,FEGATO,HIGADO,FETGE,FEGE,FIO,FIGAU,FICAT,LEBER,LEVER,LEWER,LIVER,LIFR,LEVER,LEVER,LIVUR,LEVER,AVU,AFU,AE,CERENDROB,JTRA,JETRA,PECEN,VANTROBA,PECINKA,JATRA,PECEN,WATROBA,KEPENOS,AKNAS,KALINJO,PIKUDU,JIGAR,KALEJO,KALEJO,KOLJE,JIGER,JIGER,DIL,KALIJ,0,INA,JEGAR,CIGAR,JAGHAR,MELCIA EZEZE,LYARD,SKOTI,,ATAY,QATAY,ATAY,ATAY,ATAY,,ATI,ATI,ATE,HATE,ATAU,HATI
LONGO,LONG,LUNGO,LARGO,LLARCH,LONG,LUNGIA,LONGU,LUNG,LANG,LANG,LANG,LONG,LANGR,LANG,LANG,LANGUR,LANG,HIR,HIR,FADA,DELGO,DOVGU,DUG,DLINNYJ,DAWHI,DOVGYJ,DLOUHY,DLHY,DLUGI,ILGAS,GARS,LUNGO,DIGA,ZYUTHU,LAMO,LAMU,LOMBA,LEMBA,LEMMA,LEMBA,LAMB,LAMBU,UZD,DERAZ,DAROZ,DRAZH,IGATE,ERKAR,MAKRIS,,MALABAQ,MAQABAQ,ABA,MAHABA,TAAS,,DAWA,DAWA,BELO,PANJANG,PANJAI,PANJANG
PIOLHO,POU,PIDOCCHIO,PIOJO,POLL,PESOU,PLUOGL,PRIOGU,PADUCHE,LAUS,VLOO,LUIS,LOUSE,LUS,LUS,LUS,LUS,LUS,LAOUENN,LLEUEN,MIOL,VESKA,USI,US,VOS,VOS,VOSA,VES,VOS,WESZ,UTELE,UTS,JUV,TADIYA,ZOV,JUMRA,JUMRO,UKUN,0,JU,JU,U,0,SPEZA,SHEPESH,0,BOT,MOR,OJIL,PSIRA,,KOTO,KUTU,KUTU,KUTO,KUTO,,TUMA,KUTU,GUTU,KUTU,KUTU,KUTU
HOMEM,HOMME,UOMO,HOMBRE,HOME,OME,HOMENS,OMINI,BARBAT,MANN,MAN,MAN,MAN,KARL,MANN,MAN,MADUR,MAND,GWAZ,DYN,FEAR,MEZ,MOZ,COVEK,MUZCINA,MUZCYNA,LJUDYNA,MUZ,CHLAP,MEZCZYZNA,VYRAS,VIRIETIS,MRUS,MINIHA,MARD,MANCHHA,MANCHE,PURUS,ADMI,ADMI,ADMI,PURUS,MANES,SARAJ,ADAM,MARD,MARD,BURE,MARD,ANDRAS,,MAMA,QESEG,LALAKI,LALAKE,LALAKI,,LANAN,MUANI,MAME,LALAKI,LAKI,LAKILAKI
MUITOS,BEAUCOUP,MOLTI,MUCHOS,MOLT,MANT,BAINQUAUNTS,MERAS,MULTI,VIELE,VEEL,BAIE,MANY,MARGIR,MANGE,MANGA,MANGUR,MANGE,KALZ,LLAWER,GO LEOR,MNOGO,DOSTI,MNOGI,MNOGO,SMAT,BAHATO,MNOHO,MNOHY,DUZO,DAUG,DAUDZ,BUT,HUNGAK,SETHAH,DHERI,DHER,ONEK,KEI,BOT,BOHT,PUSKEL,GHERU,DER,ZIAD,BIS ER,BA Z,SUME,BAZUM,POLI,,0,0,0,0,DAGHAN,,0,0,0,LOBA,0,BANYAK
CARNE,VIANDE,CARNE,CARNE,CARN,VIANDO,CHARN,PECCA,CARNE,FLEISCH,VLEESCH,VLEES,MEAT,HOLD,KJOTT,MAT,HOLD,KOD,KIG,CIG,FEOIL,MESO,MESO,MESO,MJASO,MJASA,MJASO,MASO,MASO,MIESO,MESA,GALA,MAS,MAS,MAZ,SHIKAR,MASU,MANSO,MAS,MAS,MAS,MAS,MAS,GVASA,GUSHT,GUST,GOZHD,MIS,MIS,KREAS,,SAPOQ,0,TUBAN,LAMAN,UNOD,,DAGIN,ISI,EMPAQ,DAGING,ISI,DAGING
MAI,MERE,MADRE,MADRE,MARE,MAIRE,MAMA,MAMMA,MAMA,MUTTER,MOEDER,MOEDER,MOTHER,MOOIR,MOR,MODER,MODIR,MODER,MAMM,MAM,MATHAIR,MAJKA,MATI,MAJKA,MAT,MACI,MATY,MATKA,MATKA,MATKA,MOTINA,MATE,DALE,MAVA,MOJU,AMA,AMA,MA,MA,MA,MA,AI,MA,MOR,MADAR,MODAR,MATH,NENE,MAYR,MITERA,,INAQ,QINAQ,INA,INAY,INAHAN,,IBU,MEME,INAQ,INDUNG,INDAI,IBU
MONTE,MONTAGNE,MONTAGNA,MONTANA,MONT,MOUNTAGNO,MUNT,MONTI,MUNTE,BERG,BERG,BERG,MOUNTAIN,FJALL,FJELL,BERG,FJALL,BJERG,MENEZ,MYNYDD,SLIABH,PLANINA,GORE,GORA,GORA,HARA,HORA,HORA,HORA,GORA,KALNAS,KALNS,VOS,KANDA,BAL,PARBAT,PARBAT,PORBOT,PEHAR,PAR,PEHAR,DONGER,PERWET,GAR,KUH,KUX,PHAWAD,MAL,SAR,VUNO,,0,0,0,0,BUKID,,0,0,0,0,0,0
BOCCA,BOUCHE,BOCCA,BOCA,BOCA,BOUCO,BUOCHA,BUKKA,GURA,MUND,MOND,MOND,MOUTH,MUNNR,MUNN,MUN,MUNNUR,MUND,GENOU,CEG,BEAL,USTA,VUJSTA,USTA,ROT,ROT,ROT,USTA,USTA,USTA,BURNA,MUTE,MUI,KATA,MOKH,MUKH,MUKH,MUK,MU,MU,MUKH,TOND,MOH,XLA,DAHAN,DAXAN,DAF,GOJE,BERAN,STOMA,,NARIQ,BABAQ,BIBIG,BIBIG,BABA,,CANKEM,BUNNUT,BIWIH,SUNGUT,MULUT,MULUT
NOME,NOM,NOME,NOMBRE,NOM,NOUM,NOM,NOMINI,NUME,NAME,NAAM,NAAM,NAME,NAFN,NAVN,NAMN,NAVN,NAVN,ANV,ENW,AINM,IME,IMJ,IME,IMJA,IMJA,IM JA,JMENO,MENO,IMIE,VARDAS,VARDS,ALAV,NAMA,NAV,NAM,NAU,NAM,NA,NA,NAM,NAV,NAM,NUM,ESM,NOM,NAM,EMER,ANUN,ONOMA,,NARAN,QARAN,NARAN,PANGALAN,NGALAN,,JENEN,ADAN,ARAN,NGARAN,NAMA,NAMA
APERTADO,ETROIT,STRETTO,ANGOSTO,ESTRET,ESTRE,STRET,STRINTU,INGUST,ENG,NAUW,NOU,NARROW,THRONGUR,SMAL,TRANG,TRONGUR,SMAL,STRIZH,CUL,CAOL,TESNO,TESEN,UZAK,UZKIJ,VUZKI,VUZ KYJ,UZKY,UZKY,WAZKI,SIAURAS,SAURS,TANK,PATU,TANG,SANGURO,SAGURO,SORU,TEG,PIRA,SEKRA,ERUNDE,SAKRU,TANG,BARIK,TANG,TANKH,NGUSTE,NEL,STENOS,,MASIMPIT,MAPIYET,DIIT,MAKITID,HAGIPOT,,SESAK,CUPEK,KUTIQ,HEURIN,SEKUT,SEMPIT
CHEGADO,PRES,VICINO,CERCA,TANCA,PROCHE,ARDAINT,AKKANTA,APROPIAT,NAHE,NABIJ,NABY,NEAR,NALAEGT,NAER,NARA,NAR,NAER,TOST,AGOS,COMHGARACH,BLIZKO,BLIZII,BLIZU,BLIZKO,BLIZKI,BILJA,BLIZKY,BLIZKY,BLIZKO,ARTI,TUVU,PASE,LANGA,NISH,NIR,NIRA,KACE,KOL,NERE,PAS,JEVEL,PASE,NEZDE,NAZDIK,NAZDIK,NAZI,AFER,MOTIK,KONDA,,MARANI,MASAQID,ARANI,MALAPIT,DUOL,,CEDAK,PAEK,RAPET,DEUKEUT,DAMPIH,DEKAT
PESCOCO,COU,COLLO,CUELLO,COLL,COU,CULOZ,ZUGU,GIT,HALS,HALS,HALS,NECK,HALS,HALS,HALS,HALSUR,HALS,GOUZOUG,GWDDF,MUINEAL,BRAT,VRAT,VRAT,SEJA,KARAK,SYJA,KRK,KRK,SZYJA,KAKLAS,KAKLS,KHOR,KARA,KORU,GHANTI,MANTO,GHAR,GERDEN,GICCI,GERDEN,MAN,GELU,GARA,GARDAN,GARDAN,GWAR,KAFE,COCRAK,LEMOS,,LIG,LIYEG,LIUG,LEEG,LIOG,,GULU,BAONG,BELON,BEUHEUNG,REKON,LEHER
NOVO,NOUVEAU,NUOVO,NUEVO,NOU,NOUVEU,NOUV,NOU,NOU,NEU,NIEUW,NUWE,NEW,NYR,NY,NY,NYGGJUR,NY,NEVEZ,NEWYDD,NUA,NOVO,NOVA,NOV,NOVYJ,NOVY,NOVYJ A E,NOVY,NOVY,NOWY,NAUJAS,JAUNS,NEVO,NAVA,NOWU,NAYA,NAULO,NOTUN,NEWA,NEVA,NEYA,NEVIN,NEWU,NEVAJ,TAZE,NAV,NOKH,I IRI,NOR,KENURYOS,,BEGO,BAGU,BAGU,BAGO,BAGO,,ANAR,MARA,BARU,ANYAR,BARU,BARU
NOITE,NUIT,NOTTE,NOCHE,NIT,NUE,NOT,NOTTI,NOAPTE,NACHT,NACHT,NAG,NIGHT,NOTT,NATT,NATT,NATT,NAT,NOZ,NOS,OIDHCHE,NOSC,NOC,NOC,NOC,NOC,NIC,NOC,NOC,NOC,NAKTIS,NAKTS,RATYI,RA,RATH,RAT,RAT,RAT,RAT,RAT,RAT,RATRE,RAT,SPA,SHAB,SAB,SHAF,NATE,GISER,NIKHTA,,GAGAOIQI,GABI,YABI,GABI,GABII,,BENI,PETENG,MALEM,PEUTING,MALAM,MALAM
NARIZ,NEZ,NASO,NARIZ,NAS,NAS,NES,NASU,NAS,NASE,NEUS,NEUS,NOSE,NEF,NESE,NASA,NOS,NAESE,FRI,TRWYN,SRON,NOS,NUS,NOS,NOS,NOS,NIS,NOS,NOS,NOS,NOSIS,DEGUNS,NAK,NAHAYA,NAST,NAK,NAK,NAK,NEK,NEKK,NAK,NAK,NAK,PAZA,DAMAGH,BINI,PHONZ,UNDE,KIT,MITI,,NIRON,QILUNG,IRUN,ILONG,ILONG,,IRUN,CUNGUH,IDUN,IRUNG,IDON,HIDUNG
NAO,NE PAS,NON,NO,NO,NOUN,NA,NO,NU,NICHT,NIET,NIE,NOT,EKKI,IKKE,ICKE,IKKI,IKKE,NE,NID,NI,NE,NJE,NE,NE,NE,NE,NE,NIE,NIE,NE,NE,IN,NAHA,NA,0,NA,NA,NE,NEI,NA,NE,NEHI,NA,NA,NA,NA,JO,OC,MIN,,DIQ,BEKEQ,BALAW,HINDI,DILI DI,,ORAN,TUSING,NDEQ,HENTEU,NADAI,TIDAK
VELHO,VIEUX,VECCHIO,VIEJO,VELL,VIEI,VEGL,BECCU,BATRIN,ALT,OUD,OUD,OLD,GAMALL,GAMMEL,GAMMAL,GAMAL,GAMMEL,KOZH,HEN,SEAN,STARO,STAR,STAR,STARYJ,STARY,STARYJ,STARY,STARY,STARY,SENAS,VECS,PHURO,NAKI,BUDA,BURO,BURO,BURO,BUDDHA,PERANA,BURHA,MHATARA,BUDDHU,ZOR,PIR,PIR,PHIR,VJETER,HIN,PALYOS,,MATOQA,DADAQAN,GURAN,MATANDA,TIGULANG,,TUWA,TUA,TOAQ,KOLOT,TUAI,TUA
UM,UN,UNO,UN,UN,UN,UN,UNU,UN,EIN,EEN,EEN,ONE,EINN,EN,EN,EIN,EN,UNAN,UN,AON,EDNO,ADEN,JEDAN,ODIN,ADZIN,ODYN,JEDEN,JEDEN,JEDEN,NIENAS,VIENS,YEK,EKA,OKU,YOTA,EK,EK,HIK,IKK,EK,EK,EK,JAV,YEK,JAK,YAK,NE,MEK,ENAS,,ISA,QISA,USA,ISA,ONE,,SIJI,SA,SEKEQ,HIJI,SATU,SATU
OUTRO,AUTRE,ALTRO,OTRO,ALTRA,AUTRE,OTER,ATRU,ALT,ANDER,ANDER,ANDER,OTHER,ANNAR,ANNEN,ANDRA,ANNAR,ANDEN,ALL,ARALL,EILE,DRUGO,DRUGI,DRUGI,DRUGOJ,INSY,INSYJ,JINY,INY,INNY,KITAS,CITS,AVER,ARA,BYAKH,ARKO,ARU,ONNO,BIYA,0,DUSRA,DUSRA,BIJU,BEL,DIGAR,DIGAR,DOHMI,TJATRE,URIS,ALOS,,SAMBIDAQ,TUBUK,IBA,IBA,UBAN PA,,SEJE,LEN,LAIN,LAIN,BUKAI,LAIN
PESSOA,PERSONNE,PERSONA,PERSONA,PERSONA,PERSOUNO,CRASTIAUN,PERSONA,PERSOANA,MENSCH,MENSCH,PERSOON,PERSON,MAOR,MENNESKE,PERSON,MADUR,PERSON,DEN,PERSON,DUINE,LICE,OSJBA,OSOBA,CELOVEK,ASOBA,OSOBA,OSOBA,OSOBA,CZLOWIEK,ASMUO,PERSONA,MANUS,MINIHA,ZAN,0,MANIS,LOK,SEXS,JENA,LOG,MANUS,RYEKTI,TAN,SHAKHS,ODAM,KHAS,NERI,ANJ,ANTHROPOS,,TAW,QUTAW,TAWU,TAO,TAWO,,UWON,ANAK,TAU,JELEMA,ORAN,ORANG
JOGAR,JOUER,GIOCARE,JUGAR,RIURERSE D ALGU,JOUGA,GIOVER,GOGAI,A,SPIELEN,SPELEN,SPEEL,PLAY,LEIKASER,LEKE,SPELA,LEIKA,LEGE,C HOARI,CHWARAE,IMIRT,IGRAE,SE JGRAT,IGRATI SE,IGRAT,HULJAC,HRATY,HRATI,HRAT,GRAC,ZAISTI,SPELET,KHELAV,SELLAM,GINDUN,KHELNU,KHELNU,KHELA,KHEDEN,KHEDDENA,KHELNA,KHELNE,REMOWU,BAZI KAVEL,BAZI KARDAN,BOZI KARDAN,LEV KHANAGH,LHOS,XALAL,PEZO,,0,0,0,LARO,DULA,,0,0,0,MAEN,0,BERMAIN
PUXAR,TIRER,TIRARE,TIRAR,TRAURER,TIRA,TRER,TIRAI,A TRAGE,ZIEHEN,TREKKEN,TREK,PULL,DRAGA,TREKKE,DRAGA,DRAGA,TRAEKKE,SACHAN,TYNNU,TARRAINGT,DERPA,NATZRAT,VUCI,TJANUT,CJAHNUC,TJAHNUTY,TAHATI,TAHAT,CIAGNAC,TRAUKTI,VILKT,SWRDAV,ADINAWA,LAMUN,TANNU,KHAICNU,TANA,KHICCEN,KHICCENA,KHICNA,ODHNE,KHECWU,KSEL,KASHIDAN,KASIDAN,CHIKAGH,EK,K ASEL,TRAVO,,0,0,0,HILA,0,,0,0,0,METOT,0,TARIK
EMPURRAR,POUSSER,SPINGERE,EMPUJAR,EMPENYER,BUTA,SBUERLER,SPINGI,A IMPINGE,STOSSEN,SCHUIVEN,VOORT DRYF,PUSH,YTA,SKYVE,SKJUTA PA,SKUMPA,STODE,BOUNTAN,GWTHIO,BRUGHADH,BUTA,PORIVAT,GURATI,TOLKAT,PXAC,PXATY,STRKATI,STRKAT,PCHAC,STUMTI,GRUST,SPILDAV,TALLU,ZIRU DINU,GHACHYA DINU,GHACETNU,DHAKKA,KHICCEN,TIKKENA,DEBANA,DHEKELNE,DHEKKELWU,PORIVAHEL,HOL DADAN,TELA DODAN,TELAN,STYN,HREL,SPROKHNO,,0,0,0,TULAK,0,,0,0,0,NULAK,0,TORONG
CHOVER,PLEUVOIR,PIOVERE,LLOVER,PLOURER,PLOURE,PLOUVER,PROI,A PLOUA,REGNEN,REGENEN,REEN,RAIN,RIGNA,REGNE,REGNA,REGNA,REGN,GLAV A ZO,BWRW GLAW,FEARTHAINN DO CHUR,VALI,DEZ,KISITI,DOZD IDET,DOZDZ,PADE DOSC,PRSETI,PRSAT,DESZCZ PADA,LYTI,LIT,BRWSUNT,VAHINAWA,RUD PYONU,BARSANU,BARSANU,JOL,BARES THIWEN,VESSENA,BERESNA,PAUS,WERSAD PERE CUE,BARAN UREZI,BARIDAN,BORON BORIDA ISTODAAST,GWARAGH,BIE SI,ANJREW,VRECHI,,ORAN,QURAN,URAN,ULAN,ULAN,,UDAN,UJAN,UJAN,HUJAN,UJAN,HUJAN
VERMELHO,ROUGE,ROSSO,ROJO,ROIG,ROUGE,COTSCHEN,ARRUBIU,ROSU,ROT,ROOD,ROOI,RED,RAUOR,ROD,ROD,REYDUR,ROD,RUZ,COCH,DEARG,CERVENO,RUDJCE,CRVEN,KRASNYJ,CYRVONY,CERVONYJ,CERVENY,CERVENY,CZERWONY,RAUDONAS,SARKANS,LOLO,RATA,WOZOLU,RATO,RATO,LAL,LAL,LAL,LAL,TAMBDA,LAL,SUR,SORKH,SURX,SUHR,IKUK,KARMIR,KOKINOS,,MARIGAQ,MAPURA,MARARA,PULA,PULA,,ABAN,BARAK,ABAN,BEUREUM,MIRAH,MERAH
DIREITO,JUSTE,GIUSTO,DERECHO,RECTE,JUST,DRET,GUSTU,CORECT,RECHT,RICHTIG,REG,RIGHT,RETTR,RIKTIG,RATT,RAETTUR,RET,REIZH,CYWIR,CEART,VJARNO,PROV,ISPRAVNO,PRAVILNYJ,PRAVIDLOVY,PRJAMYJ,SPRAVNY,SPRAVNY,SLUSZNY,TAISYKLINGAS,PAREIZS,TAMAMI,HARI,0,THIK,THIK,THIK,THIK,THIK,THIK,THIK,SACU,SAM,DOROST,ODILONA,RAST,DREK,ULI L,DHIKYO,,0,0,0,0,0,,0,0,0,BENER,0,0
DIREITO,DROIT,DESTRO,DERECHO,DRETA,DRE,DRET,DERETTU,DREPT,RECHT,RECHTS,REG,RIGHT,HAEGRI,HOYRE,HOGER,HOGRI,HOJRE,DEHOU,DE,DEAS,DJASNO,DESNA RAKA,DESNICA,PRAVYJ,PRAVY,PRAVORUC,PRAVY,PRAVY,PRAWY,DESINYS,LABAIS,CACO,DAKUNATA,DACHYUNU,DAHINA,DAINU,DAN,SEJJA,SEJJA,DAYA,UJVA,JEMELU,SAJ,RAST,BEGUNOX,RAST,DJATHE,AJ,DHEKSIS,,KAWANAN,KARINTU NA QUTAW,SIKUN,KANAN,TUO,,TENEN,TENGAWAN,KAWAN,KATUHU,KANAN,KANAN
RIO,RIVIERE,FIUME,RIO,RIU,RIBIERO,FLUM,FLUMINI,RIU,FLUSS,RIVIER,RIVIER,RIVER,A,ELV,FLOD,A,FLOD,STER,AFON,ABHAINN,REKA,POTOK,REKA,REKA,RAKA,RICKA,REKA,RIEKA,RZEKA,UPE,UPE,POTAMI,GANGA,KOL,GANGA,DARIYA,NODI,DERYA,NEDI,NEDI,NEDI,NEDI,RUD,SUDKHANE,DAR E,DIRA,LHUME,GET,POTAMI,,0,0,0,ILOG,SUBA,,0,0,0,WALUNGAN,0,0
ESTRADA,CHEMIN,STRADA,CAMINO,CAMI,ROUTO,VIA,ARRUGA,DRUM,WEG,WEG,WEG,ROAD,VEGR,VEI,VAG,VEGUR,VEJ,HENT,HEOL,BOTHAR,NET,CESTA,PUT,DOROGA,SLJAX,DOROHA,CESTA,CESTA,DROGA,KELIAS,CELS,DROM,PARA,WATH,BATO,BATO,SOROK,SEREK,SEREK,RASTA,RESTA,RESTO,LAR,RAH,POX,DAG,UDHE,CAMPA,DHROMOS,,LALAN,0,DALAN,DAAN,DALAN,,DALAN,RURUNG,LANAN,JALAN,JALAI,JALAN
RAIZ,RACINE,RADICE,RAIZ,ARREL,RACINO,RISCH,ARREZINA,RADACINA,WURZEL,WORTEL,WORTEL,ROOT,ROT,ROT,ROT,ROT,ROD,GWRIZIENN,GWREIDDYN,PREAMH,KOREN,KORERUKA,KOREN,KOREN,KARIN,KORIN,KOREN,KOREN,KORZEN,SAKNIS,SAKNE,RIZA,MULA,MUL,JARA,JARO,SEKOR,JER,JER,MUL,MUL,MUL,BEX,RISHE,RESA,PAR,RENE,ARMAT,RIZA,,DALIG,GAMUT,GAMUT,UGAT,GAMUT,,OYOT,AKAH,AKAH,AKAR,URAT,AKAR
CORDA,CORDE,CORDA,CUERDA,CORDA,CORDO,CORDA,FUNI,FRINGHIE,SEIL,TOUW,TOU,ROPE,REIPI,TAU,REP,REIP,REP,KORDENN,RHAFF,TEAD,VEZE,SPAH,KONOPAC,VEREVKA,VJAROWKA,LYNVA,PROVAZ,POVRAZ,SZNUR,VIRVE,VIRVE,SKINI,LANUWA,RAZ,JIURI,DORI,DORI,RESSI,RESSA,RESSA,DOR,DORERU,PERAJ,TANAB,ARWAMCINI,REZ,TERKUZE,PARAN,SKINI,,TALI,LUBID,LUBID,LUBID,PISI,,TALI,TALI,TETALI,TALI,TALI,TALI
PODRE,POURRI,MARCIO,PODRIDO,PUDRIT,POURRI,PUTIRD,MALU,PUTRED,FAUL,VERROT,ROT,ROTTEN,FUINN,ROTTEN,RUTTEN,FUGVIN,RAADDEN,BREIN,PWDR,LOBHTHA,GNILO,GRULA,GNJIO,GNILOJ,HNILY,HNYLYJ,SHNILY,ZHNITY,ZGNILY,SUPUVES,SAPUVIS,SAPYO,DIRACCA,DODURU,0,MAKINU,POCE,SERI,SEREA HOYA,SERA,NASKA,0,VROST,PUSIDE,PUSIDA,GALAGH,KALHBUR,NEXAC,SAPYOS,,GABOK,DUNUT,MAIBAS,BULOK,LATAE,,MAMBU,BENGU,BAIS,BURUK,BUROK,BUSUK
ESFREGAR,FROTTER,FREGARE,FROTAR,FREGAR,FRETA,SFRUSCHER,FRIGAI,FRICTIONA,REIBEN,WRIJVEN,VRYF,RUB,NUA,GNI,GNUGGA,GNIGGJA,GNIDE,FROTAN,RHWBIO,CUIMILT,TERKANE,MAZATI,TRENJE,TERET,CERCI,TERTJA,TRITI,TRET,TRZEC,TRINTI,BERZT,TRIVO,MADINAWA,MALUN,MICHNU,GHASNU,GHOSA,MANEN,REGERNA,REGERNA,GHASNE,GHESWU,MUSEL,MALIDAN,SOIGAN,MALAGH,FERKON,SP EL,TRIVO,,0,0,0,KUSKOS,0,,0,0,0,NGAGOSOK,0,MENGGOSOK
SAL,SEL,SALE,SAL,SAL,SAU,SAL,SALI,SARE,SALZ,ZOUT,SOUT,SALT,SALT,SALT,SALT,SALT,SALT,HOLEN,HALEN,SALANN,SOL,SOV,SOL,SOL,SOL,SIL,SUL,SOL,SOL,DRUSKA,SALS,LON,LUNU,NUN,NUN,NUN,NUN,LUN,LUN,NEMEK,MITH,MITHU,MALGA,NAMAK,NAMAK,WHADH,KRIPE,AL,ALATI,,ASIN,QASIN,ASIN,ASIN,ASIN,,UYAH,UYAH,SIE,UYAH,GARAM,GARAM
AREA,SABLE,SABBIA,ARENA,SORRA,SABLO,SABLUN,ARENA,NISIP,SAND,ZAND,SAND,SAND,SANDR,SAND,SAND,SANDUR,SAND,TRAEZH,TYWOD,GAINEAMH,PJASEK,PESK,PESAK,PESOK,PJASOK,PISOK,PISEK,PIESOK,PIASEK,SMELIS,SMILTIS,KISAY,VALI,SEKH,BALUWA,RETI,BALU,RET,RET,BALU,VALU,RETI,SEGA,SHEN,0,REKH,KUM,AWAZ,AMOS,,PETED,BUWANGIN,BARAS,BUHANGIN,BALAS,,WEDI,BIAS,BIRAS,KEUSIK,PASIR,PASIR
DIZER,DIRE,DIRE,DECIR,DIR,DIRE,DIR,NAI,A ZICE,SAGEN,ZEGGEN,SE,SAY,SEGJA,SI,SAGA,SIGA,SIGE,LAVAROUT,DWEUD,RADH,KAZVA,RECI,KAZATI,GOVORIT,SKAZAC,SKAZATY,RICI,HOVORIT,MOWIC,SAKYTI,SACIT,PHENAV,KIYANAWA,WANUN,BHANNU,BHANNU,KOOA,AKHEN,KENA,KEHNA,MHENNE,KEHEWU,VAJEL,GOFTAN,GUFTAN,GUSHAGH,THEM,ASEL,LEO,,GANDIN,SURIT,MAGKUN,SABIHIN,BUNGAT,,KANDA,NGOMONG,MUNI,NGOMONG,SEBUT,BERKATA
COCAR,GRATTER,GRATTARE,RASCAR,GRATAR,GRATA,SGRATTER,SKRAFFI,A SCARPINA,KRATZEN,KRABLEN,KRAP,SCRATCH,KLORA,KLO,KLOSA,KLORA,KRADSE,SKRABAN,CRAFU,TOCHAS,CESA,PODRGNI,CESATI,CESATSJA,CYXACCA,DRJAPADY,SKRABATI SE,SKRABAT,DRAPAC SIE,KASYTI,KASIT,XALMAN,KASANAWA,KASHUN,KANEAUNU,KANYAUNU,RASCAR,KHUJLAWEN,KHURCENA,KHEROCNA,KHAJEVNE,KHEJEWALWU,GEREDEL,KHARIDAN,XORIDAN,KHARAGH,KRUAN,CANKREL,KSYO,,KAKET,KATIL,KAGAW,KAMUTIN,KALOTON,,NUKUR,NGASGAS,NENAOK,NGAGARO,GARU,MENGGARUK
MAR,MER,MARE,MAR,MAR,MAR,MER,MARI,MARE,SEE,ZEE,SEE,SEA,SAER,SJO,HAV,SJOGVUR,HAV,MOR,MOR,FAIRRGE,MORE,MORJE,MORE,MORE,MORA,MORE,MORE,MORE,MORZE,JURA,JURA,DENIZI,MUHUDA,SODAR,SAMUNDAR,SAMUDRA,SAMUDRO,SEMUNDER,SEMUNDER,SEMUDR,SEMUDRE,DERIGO,BAHR,DARYA,BAXR,SAMUNDAR,DET,COV,THALASA,,RAGAT,DAGAT,LAWUD,DAGAT,DAGAT,,SEGARA,PASIH,SEGARE,LAUT,LAUT,LAUT
VER,VOIR,VEDERE,VER,VEURER,VEIRE,VAIR,BIRI,A VEDEA,SEHEN,ZIEN,SIEN,SEE,SEA,SE,SE,SIGGJA,SE,GWELOUT,GWELED,FEISCINT,VIZDA,VIDIS,VIDETI,VIDET,BACYC,DYVYTYS,VIDETI,VIDET,WIDZIEC,MATYTI,REDZET,DIKHAV,BALANAVA,WUCHUN,DEKHNU,DEKHNU,DEKHA,DEKHEN,DEKHNA,DEKHNA,PAHNE,JOWU,LIDEL,DIDAN,DIDAN,GINDAGH,SO,TESNEL,VLEPO,,ILAY,KITAQ,MAKAKIT,MAKITA,MOTANAW,,NONTON,NINGALIN,GEGITAQ,NENJO,PEDA,MELIHAT
SEMENTE,SEMENCE,SEME,SEMILLA,GRANA,GRANO,SEM,SEMINI,SAMINTA,SAAT,ZAAD,SAAD,SEED,FRAE,FRO,SAD,FRAE,SAED,HAD,HAD,SIOL,ZERNO,SEME,SEME,ZERNO,NASEN NE,NASINNJA,SEME,SEMENO,ZIARNO,SEKLA,SEKLA,GIV,ATA,BYOLU,BIU,BIU,BIJ,BIJ,BI,BIJ,BI,BI,DANA,TOKHM,DON,BIJ,FARE,HATIK,SPOROS,,0,0,0,BINHI,BINHI,,0,0,0,SIKI,0,BIJI
COSER,COUDRE,CUCIRE,COSER,CUSIR,COURDURA,CUSIR,KUSIRI,A COASE,NAHEN,NAAIEN,NAAIE,SEW,SAUMA,SY,SY,SEYMA,SY,GWRIAT,GWNIO,FUAGHAIL,SIE,SIVAT,SITI,SIT,SYC,SYTY,SITI,SIT,SZYC,SIUTI,SUT,SUVAV,MAHANAWA,SUWUN,SIUNU,SIUNU,SELAI,SIWEN,SYUNA,SINA,SIVNE,SIWEWU,DZORAVEL,DUKHTAN,DUXTAN,DOSHAGH,KEP,KAREL,RAVO,,PAMANAQI,TABING,TAHI,TAHIIN,MAGTAHI,,DONDOM,NYAIT,BEJAIT,NGAPUT,JAIT,MENJAHIT
AFIADO,TRANCHANT,TAGLIENTE,AGUDO,TALLANT,TRANCHU,TAGLIAINT,AKKUCCU,ASCUTIT,SCHARF,SCHERP,SKERP,SHARP,BEITTUR,SKARP,SKARP,BEITUR,SKARP,LEMM,LLYM,GEAR,OSTRO,OSTER,OSTAR,OSTRYJ,VOSTRY,HOCTRYJ,OSTRY,OSTRY,OSTRY,ASTRUS,ASS,KUCIME,MUHATA,TEZ,LAGNE,DHARILO,DHARALO,TEZ,TIKKHA,TEJ,DHARDAR,DHARDAR,TERE,TIZ,TEZ,TEZ,I MBRETE,SUR,KOFTEROS,,TAREM,MATARUM,MATARUM,MATALAS,HAIT,,LANDEP,MANGAN,TAJEP,SEUKEUT,TAJAM,TAJAM
CURTO,COURT,CORTO,CORTO,CURT,BREU,CUORT,KURCU,SCURT,KURZ,KORT,KORT,SHORT,STUTTR,KORT,KORT,STUTTUR,KORT,BERR,BYR,GEARR,KESO,KRATKO,KRATAK,KOROTKIJ,KAROTKI,KOROTKYJ,KRATKY,KRATKY,KROTKI,TRUMPAS,ISS,XARNO,KOTA,TSHOTU,HOCHO,CHOTO,KHATO,CHOTA,MEDRA,CHOTA,AKHUD,TUKU,MUXTASAR,KUTAH,KUTOX,GWAND,SKURTER,KARC,KONDOS,,MABABAQ,PANDAK,ABABA,MABABA,MUBOE,,CENDAK,BAWAK,KONTEQ,PONDOK,PANDAK,PENDEK
CANTAR,CHANTER,CANTARE,CANTAR,COPLA,CANTA,CHANTER,KANTAI,A CINTA,SINGEN,ZINGEN,SING,SING,SYNGVA,SYNGE,SJUNGA,SYNGJA,SYNGE,KANAN,CANU,AMHRAN DO RADH,PEE,PETI,PEVATI,PET,PJAJAC,SPIVATY,ZPIVATI,SPIEVAT,SPIEWAC,DAINUOTI,DZIEDAT,GILABAV,SINOU,GEWUN,GANU,GAUNU,GAOA,GAWEN,GONA,GANA,GANE,GAWU,VAJEL,AVAZ KHANDAN,XONDAN,GUSHAGH,KENDON,ERGEL,TRAGUDHO,,0,0,0,AWIT,AWIT,,0,0,0,NEMBANG,0,BERNYANYI
ESTAR ASSENTADO,ASSEOIR,SEDERE,SENTARSE,ASSENTARSE,ASSETA,SEZZER,SISEZZI,A SEDEA,SITZEN,ZITTEN,SIT,SIT,SITJA,SITTE,SITTA,SITA,SIDDE,AZEZAN,EISTEDD,SUIDHE,SEDI,SEDET,SEDITI,SIDET,SJADZEC,SYDITY,SEDETI,SEDET,SIEDZIEC,SEDETI,SEDET,BESAV,INDAGANAWA,BEHUN,BASNU,BAITHANU,BOSA,BAETHEN,BETHNA,BETHNA,BESNE,BESWU,KSENASTEL,NESHASTAN,NISASTAN,NINDAGH,RI,NSTEL,KATHOME,,ONTOD,QINGKUD,TUMUKAW,UMUPO,MOLINGKOD,,LONGUH,NEGAK,TOKOL,DIUK,DUDOK,DUDUK
PELLE,PEAU,PELLE,CUTIS,PELL,PEAU,PEL,PEDDI,PIELE,HAUT,HUID,HUID,SKIN,HUO,HUD,HUD,HUO,HUD,KROCHEN,CROEN,CRAICEANN,KOZA,KOZA,KOZA,KOZA,SKURA,SKURA,KUZE,KOZA,SKORA,ODA,ADA,MORKHI,HAMA,TSAM,CHHALA,KHALO,CAM,CEMRI,PINDA,CAM,KATEDI,CAMERI,POST,PUST,PUST,PHOST,CIPE,MASK,PETSI,,ANIT,PARIS NANG QUTAW,TARIP,BALAT,PANIT,,KULIT,KULIT,LENDON,KULIT,KULIT,KULIT
CEO,CIEL,CIELO,CIELO,CEL,CEU,TSCHEL,CELU,CER,HIMMEL,HEMEL,HEMEL,SKY,HIMINN,HIMMEL,HIMMEL,HIMIN,HIMMEL,OABL,AWYR,SPEIR,NEBE,NEBO,NEBO,NEBO,NEBA,NEBO,NEBE,OBLOHA,NIEBO,DANGUS,DEBESS,URANOS,AHASA,NAB,AKAS,AKAS,AKAS,ESMAN,ESMAN,AKAS,AKAS,AKAS,ASMAN,ASEMAN,OSMON,ARSH,KIEL,ERKINK,URANOS,,LANIT,QAWANAN,LANIT,LANGIT,LANGIT,,LANIT,LANGIT,LANIT,LANGIT,LANIT,LANGIT
DORMIR,DORMIR,DORMIRE,DORMIR,ADORMIRSE,DOURMI,DORMIR,DORMIRI,A DORMI,SCHLAFEN,SLAAP,SLAAP,SLEEP,SOFA,SOVE,SOVA,SOVA,SOVE,KOUSKET,CYSGU,CODLADH,SPI,SPATI,SPAVATI,SPAT,SPAC,SPATY,SPATI,SPAT,SPAC,MIEGOTI,GULET,PASLAV,NIDIYAGANAWA,SHONGUN,SUTNU,SUTNU,NIDJAOA,SEMMEN,SONA,SONA,NIJNE,UGHEWU,BIDEDEL,KHABIDAN,XOBIDAN,AKSAGH,FLE,K NEL,KIMUME,,TOROG,TURUG,MATURUG,MATULOG,MATULOG,,TURU,PULES,TINDOK,SARE,TINDOK,TIDUR
PEQUENO,PETIT,PICCOLO,PEQUENO,PETIT,PICHOT,PITSCHEN,PITTIKKU,MIC,KLEIN,KLEIN,KLEIN,SMALL,LITILL,LITEN,LITEN,LITIL,LILLE,BIHAN,BACH,BEAG,MALKO,MAJKEN,MALI,MALENKIJ,MALY,MALYJ,MALY,MALY,MALY,MAZAS,MAZS,XURDO,PODI,LUKU,SIANO,CHOTO,CHOTO,CHOTA,CHOTTA,CHOTA,LEHAN,NAHNU,KUCNAJ,KUCHEK,XUDR,KIK,I VOGELH I,P OK R,MIKRO,,MAITEK,TAGBIQ,DIIT,MALIIT,GAMAY,,CILIK,CENIK,KODEQ,LEUTIK,MIT,KECIL
CHEIRAR,SENTIR,SENTIRE,OLER,OLORAR,SENTI,SAVURER,FRAGAI,A MIROSI,RIECHEN,RUIKEN,RUIK,SMELL,THEFA,LUKTE,LUKTA,TEVJA,LUGTE,KLEVOUT,GWYNTIO,BOLADH D FHAGHAIL,POMIRISVA,SMRDI,MIRISATI,CUVSTVOVAT,CUC PAX,NJUXATY,CITITI,NUCHAT,CZUC,UZUOSTI,OST,KHANDAV,IMBINAWA,PHUKUN,SUNGNU,SUNNU,GONDHA,SUNNEN,SUNGENA,SUGHNA,HUNGNE,SUGHEWU,HYS KAVEL,BU KARDAN,XIS KARDAN,BO GIRAGH,MBAN ERE,HOTOTEL,MIRIZO,,BANO,BAQUQ,SUMINHUT,AMUYIN,MOSIMHOT,,NAMBU,NGADEK,SIDUK,NYIUM,SIUM,MENCIUM
FUMO,FUMEE,FUMO,HUMO,FUM,FUM,FUM,FUMU,FUM,RAUCH,ROOK,ROOK,SMOKE,REYKR,ROK,ROK,ROYKUR,ROG,MOGED,MWG,DEATACH,NUSEK,DIM,DIM,DYM,DYM,DYM,KOUR,DYM,DYM,DUMAI,DUMI,DUMANO,DUMA,DAH,DHUWAN,DHUWA,DHOA,DHU,TUA,DHUA,DHUR,DHUMARO,DUD,DUD,DUD,DUHON,TYM,CUX,KAPNOS,,BEL,QEBEL,ANUS,USOK,ASO,,KELUK,ANDUS,PENDET,HASEUP,ASAP,ASAP
LISO,LISSE,PIANO,LISO,LLIS,UNI,GLISCH,LISU,NETED,GLATT,GELIJK,GLAD,SMOOTH,SLETTR,GLATT,SLAT,SLAETTUR,GLAT,LEVN,LLYFN,SLEAMHAIN,GLADKO,GLADKO,GLADAK,GLADKIJ,HLADKI,HLADKYJ,HLADKY,HLADKY,GLADKI,SVELNUS,GLUDS,ISYO,SILINOU,SATORU,CHILLO,SALAKKA,TELA,SAF,IK,CIKNA,GULGULIT,SUWALU,HAVAR,SAF,XAMVOR,LASUR,I FERKUAR,HART,OMALOS,,0,0,0,MAKINIS,0,,0,0,0,0,0,LICIN
COBRA,SERPENT,SERPE,CULEBRA,SERP,SERP,SERP,SERPENTI,SARPE,SCHLANGE,SLANG,SLANG,SNAKE,SLANGA,ORM,ORM,ORMUR,SLANGE,NAER,NEIDR,NATHAIR NIMHE,ZMIJA,KACA,ZMIJA,ZMEJA,ZMJAJA,HADJUKA,HAD,HAD,WAZ,GYVATE,CUSKA,SAP,NAYA,SARAPH,LAMKIRA,SAP,SAP,SEP,SEPP,SAP,SAP,SAP,MAR,MAR,MOR,MAR,GARPER,OJ,FIDHI,,NIPAY,TINANAP,ULAY,AHAS,HALAS,,ULA,LELIPI,ULAH,ORAY,ULAR,ULAR
NEVE,NEIGE,NEVE,NIEVE,NEU,NEU,NAIV,NI,ZAPADA,SCHNEE,SNEEUW,KAPOK,SNOW,SNJOR,SNE,SNO,KAVI,SNE,ERC H,EIRA,SNEACHTA,SNJAG,SNEK,SNEG,SNEG,SNEH,SNIH,SNIH,SNEH,SNIEG,SNIEGAS,SNIEGS,YIV,HIMA,SHIN,HIUN,HIU,BOROP,BERF,BEREPH,BERPH,HIME,BEREF,VAVRA,BARF,BARF,BAWAR,TEBORE,JYUN,CHYONI,,0,0,0,0,0,,0,0,0,SALJU,0,SALJI
ALGUM,QUELQUE,ALCUNI,ALGUNO,COLCOM,QUAUQUIS UN,ALCH,CERTU,CITEVA,ETWAS,EENIGE,ENIGE,SOME,NOKKRIR,NOEN,NAGON,NAKRIR,NOGEN,BENNAK,RHAI,EIGIAN,NJAKOLKO,MALO,NEKI,NEMNOGO,NEKATORY,JAKYJS,NEKTERY,NIEKTORY,TROCHE,KELI,KADS,XARNWK,TIKA,0,KOI,KOI,KICU,KUJH,KUS,KUCH,KAHI,KETLAK,CO,BA ZI,ANDAK,KHARD E,CA,OMANK,MERIKI,,0,0,0,ILAN,0,,0,0,0,SABABARAHA,0,BEBERAPA
CUSPIR,CRACHER,SPUTARE,ESCUPIR,ETJEGAR,ESCUPI,SCRACHER,SKUPPI,A SCUIPA,SPEIEN,SPUWEN,SPU,SPIT,SPYTA,SPYTTE,SPAT,SPYTA,SPYTTE,TUFAN,POERI,SEILE DO CHAITHEAMH,PLJUE,PLUNI,PLJUVATI,PLEVAT,PLERAC,PLJUVATY,PLIVATI,PLUT,PLUC,SPIAUTI,SPLAUTIES,CUNGAR,KELAGAHANAWA,THOKUN,THUKNU,THUKNU,THUTU,THUKKEN,THUKKENA,KHUKNA,THUNKNE,THURWU,TUKEL,TOF KARDAN,TUF KARDAN,THUK,PSTYT,T UK,FTYO,,OTAQ,TUBAD,MAGBUGA,SUMUKA,MANLUWA,,IDU,MAPEES,BETUSIQ,NYIDUH,NELUDAH,MELUDAH
FENDER,FENDRE,FENDERE,HENDER,CRIVELLAR,ESPECA,SFENDER,ZAKKAI,A,SPALTEN,SPLIJTEN,SPLITS,SPLIT,KLJUFA,KLOVE,SPLITTRA,KLUGVA,KLOVE,FAOUTAN,HOLLTI,SCOILTEADH,RAZCEPI,RASCEPAJ,KALATI,RASKALYVAT,RAZSCAPLJAC,DROBYTY,STIPATI,STIEPAT,ROZSZCZEPIAC,SKELTI,SASKALDIT,CHINAV,PALANAWA,PHALUN,CHIRNU,PHARNU,PHARA,TOREN,VEKKH,CIRNA,CIRNE,0,MATAVEL,NESF KARDAN,0,BURAGH,CAN,KTREL,SKIZO,,SIPAK,0,BANAG,BIYAKIN,PIKASON,,NYIGAR,NYIBAK,NYIGAR,MEULAH,BELAH,MEMBELAH
APERTAR,SERRER,PREMERE,APRETAR,COMPRIMIR,SARRA,SQUITSCHER,SPREMI,A STOARCE,DRUCKEN,PERSEN,UITPERS,SQUEEZE,KREISTA,KLEMME,KRAMA,KROYSTA,TRYKKE,GWESKEL,GWASGU,BRUGHADH,STISNE,STISNI,PROTURATI,SZIMAT,SCISKAC,DAVYTY,ZMACKNOUTI,TISNUT,GNIESC,SUSPAUSTI,SPIEST,KIKIDEL,MIRIKANAWA,0,NICHAUNU,MICNU,CAP,NICOREN,NECORNA,NICORNA,PILNE,NICOWEWU,KSEKSEL,FESHAR DADAN,FUSURDAN,DABAGH,STRYTH,K AMEL,ZUPO,,KEMEL,KEMET,PUGA,PIGAIN,MOPUAE,,MERES,MESENG,MIJET,MERES,PERAH,MEMERAS
APUNHALAR,POIGNARDER,PUGNALARE,DAR DE PUNALADAS,PEGAR,POUGNARDA,STILETTER,PUNNALAI,A INJUNGHIA CU PUMNALUL,ERSTECHEN,STEKEN,STEEK,STAB,STINGA,STIKKE,GENOMBORRA,STINGA,STIKKE,GOUSTILHA,BRATHU,SATHADH,NAMUSI,DREGNE,UBOSTI,ZAKALYVAT,PRABIC,RANYTY,BODNOUTI,BODAT,KLUC,DURTI,IEDURT,PUSAVEL,ANINAWA,TASANUN,GHOCHNU CHHURI DASNU,GOPNU,CHORA,CIPKAWEN,CURA,CHURA,BHOSEKNE,0,HALALAVEL,0,OB DODAN,0,CPON,XREL,LAVONO,,SANDAK,DUSMAG,HARUG,MANAKSAK,LUBAE,,NUJES,NEBEK,BEGALAH,NUBLES,TUSOK,MENIKAM
ESTAR EM PE,DEBOUT,STARE IN PIEDI,ESTAR EN PIE,ESTAR DRET,ARRESTA,STER,ATTURAI,A STA,STEHEN,STAAN,STAAN,STAND,STANDA,STA,STA,STANDA,STAA,BEZAN EN E SAV,SEFYLL,SEASAMH,STOI,STAJ,STAJATI,STOJAT,STAMC,STOJATY,STATI,STAT,STAC,STOVETI,STAVET,TORDIOL,HITAGANAWA,THODU WOTHUN,UBHINU,UBHINU,KHARA,KHEROWEN,KHELONA,KHERA,UBHA,UBHA,DAREDEL,ISTADAN,ISTODAN,OSHTAGH,RI NE KEMBE,KANGNEL,STEKOME,,IRIGI,QINDEG,TUMINDUG,TUMAYO,MOTINDOG,,NADEK,MAJUJUK,NANJEN,NANGTUNG,DIRI,BERDIRI
ESTRELLA,ETOILE,STELLA,ESTRELLA,ESTELA,ESTELLO,ASTER,STELLA,STEA,STERN,STER,STER,STAR,STJARNA,STJERNE,STJARNA,STJORNA,STJERNE,STEREDENN,SEREN,REALT,ZVEZDA,ZVEZDO,ZVEZDA,ZVEZDA,ZORKA,ZIRKA,HVEZDA,HVIEZDA,GWIAZDA,ZVAIGZDE,ZVAIGZNE,CERAIN,TARUVA,TARUKH,TARA,TARO,TARA,TARA,TARA,TARA,TARA,TARO,STORAJ,SETARE,SITORA,ISTAR,YL,ASTL,ASTRO,,BITOQON,BITUQUN,PAMGASAN,BITUIN,BITOON,,LINTAN,BINTANG,BINTAN,BENTANG,BINTAN,BINTANG
PAO,BATON,BASTONE,PALO,PERN,BASTOUN,BASTUN,BASTONI,BAT,STOCK,STOK,STOK,STICK,STINGA,STOKK,KVIST,STAVUR,STOK,BAZH,GWIALEN,MAIDE,PRECKA,PALCA,STAP,PALKA,KIJ,KYJOK,TYCKA,PRUT,KIJ,PAGALYS,NUJA,KAS,DARA,LURU,LAURO,JHATARO,LATHI,CHERI,SOTTI,DENDA,DANDU,LAKRI,LARGAJ,CHUB,TAEK,LATH,SKOP,MAHAK,KSILO,,KAYU,KAPUY,KAYU,PATPAT,KAHOY,,KAYU,KAYU,KAYUQ,KAI,KAYU,KAYU
PEDRA,PIERRE,PIETRA,PIEDRA,PEDRA,PEIRO,CRAP,PERDA,PIATRA,STEIN,STEEN,STEEN,STONE,STEINN,STEN,STEN,STEINUR,STEN,MAEN,CARREG,CLOCH,KAMEK,KAMEN,KAMEN,KAMEN,KAMEN,KAMIN,KAMEN,KAMEN,KAMIEN,AKMUO,AKMENS,BAR,GALA,WATH,DHUNGA,DHUNGO,PATHOR,PETTHER,PETTHER,PETTHER,PETTHER,PETTNER,DABARA,SANG,SANG,KHOH,GUR,KAR,PETRA,,WATO,BATU,BATU,BATO,BATO,,WATU,BATU,BATU,BATU,BATU,BATU
DIREITO,DROIT,DIRITTO,DERECHO,RECTE,DRE,DRET,DERETTU,DREPT,GERADE,RECHT,REG,STRAIGHT,BEINN,RETT,RAK,RAETTUR,LIGE,EEUN,SYTH,DIREACH,PRAVO,NREOVNAJT,USPRAVAN,PRJAMOJ,PROSTY,PRJAMYJ,PRIMY,ROVNY,PROSTY,TIESUS,TAISNI,ISYO,KELIN,SYODU,SOJHO,SOJO,SOJA,SIDDHA,SIDDA,SIDHA,SEREL,SIDHU,SAM,RAST,ROST,SIDHA,DREJTE,ULIL,ISYOS,,0,0,0,0,TARONG,,0,0,0,0,0,0
CHUPAR,SUCER,SUCCHIARE,CHUPAR,XUCLAR,SUCA,TETTER,SUCCAI,A SUGE,SAUGEN,ZUIGEN,SUIG,SUCK,SJUGA,SU,SUGA PA,SUGVA,SUGE,SUNAN,SUGNO,DIUL,SMUCI,SOSAT,SISATI,SOSAT,SSAC,SMOKTATY,SSATI,SAT,SSAC,CIULPTI,ZIST,CHUCHIPEL,URANAWA,TSAHUN,CHUSNU,CUSNU,CHOSA,CHUSEN,CUSNA,CUSNA,COKHNE,CUSWU,RUDEL,MEKIDAN,MAKIDAN,MISHAGH,THETHIN,CCEL,VIZENO,,SOSOP,SEPSEP,SUMUPSUP,SUMIPSIP,MOSUPSUP,,NEROT,NGISEP,NEMOT,NYEUSEUP,TUSU,MENGISAP
SOL,SOLEIL,SOLE,SOL,SOL,SOULEU,SOLAGL,SOLI,SOARE,SONNE,ZON,SON,SUN,SOL,SOL,SOL,SOL,SOL,HEOL,HAUL,GRIAN,SLENCE,SUNCE,SUNCE,SOLNCE,SONCA,SONCE,SLUNCE,SLNKO,SLONCE,SAULE,SAULE,KHAM,IRA,SURE,GHAM,SURJE,SUJJO,SUREJ,SUREJ,SUREJ,SURYYE,SURDJ,LMAR,AFTAB,OFTOB,RO,DIEL,AREW,ILYOS,,0,0,0,ARAW,ADLAW,,0,0,0,PANONPOE,0,MATAHARI
INCHAR,ENFLER,GONFIARE,HINCHAR,INFLAR,ENFLA,IFFLER,UNFRAI,A,SCHWELLEN,ZWELLEN,OPSWEL,SWELL,BOLGNA,HOVNE OPP,SVALLA UPP,TRUTNA,SVULME,C HWEZHAN,CHWYDDO,AT,SE PODUE,ZETEKLU,OTECI,PUXNUT,PUXNUC,PUXNUTY,OPUCHNOUTI,PUCHNUT,PUCHNAC,PUSTI,PAMPT,SUVLI AV,IDIMENAWA,HANUN,SUNINU,SUJNU,PHOLA,SUJJEN,PHULLENA,PHULNA,PHUGNE,SUJWU,PARSEDEL,BAD KARDAN,VARAM KARDAN,SIAGH,ENTEM,URC EL,FUSKONO,,KEMBAN,0,ISAL,MAMAGA,MOHUBAG,,ABOH,MESOH,BENKAQ,BAREUH,KEMBAI,MEMBENGKAK
NADAR,NAGER,NUOTARE,NADAR,SURAR,NADA,NUDER,NARAI,A INOTA,SCHWIMMEN,ZWEMMEN,SWEM,SWIM,SYNDA,SVOMME,SIMMA,SVIMJA,SVOMME,NEUIN,NOFIO,SNAMH,PLURA,JE SOV SE KAPAT,PLIVATI,PLYT,PLAVAC,PLYVTY,PLAVATI,PLAVAT,PLYNAC,PLAUKTI,PELDETIES,NAYAV,PINANAWA,TSATH,PAURNU,PAURANU,SATAR KATA,TAEREN,TERNA,TERNA,POHNE,TERWU,LAMBO VAHEL,SHENA KARDAN,SINO KARDAN,TARAGH,BEN MNOTE,LOLAL,KOLIMBO,,LANOY,LANGUY,LUMANUY,LUMANGOY,MOLANGOY,,NLANI,NGLANGI,NONON,NGOJAY,NYEMERAI,BERENANG
RABO,QUEUE,CODA,COLA,CUA,CO,CUA,KOA,COADA,SCHWANZ,STAART,STERT,TAIL,HALI,HALE,STJART,HALI,HALE,LOST,CWT,EARBALL,OPASKA,RIPP,REP,XVOST,XVOST,XVIST,OCAS,CHVOST,OGON,UODEGA,ASTE,PORIN,VALIGAYA,LOTU,PUCHHAR,PUCHAR,LEJ,PUCH,PUCH,PUCH,SEPTI,PUCHRI,LAKEJ,DOM,DUM,DUMB,BIST,POC,URA,,IKOG,QIKUG,IKUG,BUNTOT,IKUG,,BUNTUT,IKUT,ELON,BUNTOT,IKO,EKOR
AQUELLE,CELA,QUEL,AQUEL,ES,AQUEST,LESS,KUDDU,ACEL,DAS,DIE,DAT,THAT,THESSI,DEN,DENNE,TANN,DEN,AN,HWNNA,SAN,ONOVA,TISTO,DA,TOT,HETY,TOJ,TO,TEN,TEN,TAS,TAS,KODOVA,AKA,ATH,TIO,U,SETA,O,O,VOH,TO,PELU,HAGA,AN,ON,AN,AY,AYN,EKINOS,,ANAN,0,TUNDA,IYAN,KANA,,KUWI,ENTO,SINO,ETA,NA,ITU
ALLI,LA,LA,ALLA,AQUI,LA,ACQUI,INNIA,ACOLO,DORT,DAAR,DAAR,THERE,THAR,DER,DAR,HAR,DER,AZE,YNA,ANNSAN,TAM,TOM,TAMO,TAM,TAM,TAM,TAM,TAM,TAM,TEN,TUR,KOTE,ETANA,TOR,UTHA,TYAHA,OKHANE,UTTHA,OTTHE,VEHA,TITHE,TYA,HALTA,UNJA,DAR ON CO,ODHA,ATJE,AYNTEL,EKI,,0,0,0,DOON,DIHA,,0,0,0,DITU,0,SANA
ELLES,ILS,COLORO,ELLOS,ELLS,ELI,ELS,ISSOS,EI,SIE,ZIJ,HULLE,THEY,THEIR,DE,DE,TEIR,DE,I,HWY,SIAD,TE,ONI,ONI,ONI,JANY,VONY,ONI,ONI,ONI,JIE,VINI,KOLA,OVHU,TIM,UNIHARU,TI,ORAORA,O,O,VE,TE,EO,DUJ,ISHAN,ONHO,ESHAN,ATA,NRANK,TUS,,SIRAN,0,SIDA,SILA,SILA,,DEWEKE KABEH,IN AJAKA MAKOJANG,IE PADE,MARANEHANANA,SIDA,MEREKA
GROSSO,EPAIS,SPESSO,ESPESO,GROS,ESPES,0,GRUSSU,GROS,DICK,DIK,DIK,THICK,THYKKR,TYKK,TJOCK,TJUKKUR,TYK,TEV,TRWCHUS,TIUGH,DEBELO,GOSTO,DEBEO,TOLSTYJ,TAWSTY,HRUBYJ,HUSTY,HRUBY,GRUBY,STORAS,BIEZS,THULO,MAHATA,MOTU,MOTO,KHASRO,MOTA,MOTA,GARA,MOTA,JAD,JARU,PEND,KOLOFT,WAFS,THULAR,TRASE,C AL,KHONDROS,,MAKAPAL,MADAKMEL,MADAMUL,MAKAPAL,BAGA,,KANDEL,TEBAL,TEBEL,KANDEL,TEBAL,TEBAL
DELGADO,MINCE,SOTTILE,DELGADO,FLACH,MINCE,STIGL,FINI,SUBTIRE,DUNN,DUN,DUN,THIN,THUNNR,TYNN,TUNN,TUNNUR,TYND,MOAN,TENAU,TANAI,TENKO,RETKO,TANAK,TONKIJ,CENKI,TONKYJ,TENKY,TENKY,CIENKI,PLONAS,TIEVS,KISLO,HINI,TONU,DUBLO,PATALO,PATLA,PETLA,PETLA,DUBLA,PATEL,PATLU,NARAJ,NAZOK,TUNUK,LAGHAR,HOLE,NOSR,LYANOS,,MANIPIS,MANIPIS,MANIPIS,MANIPIS,NIPIS,,TIPIS,TIPIS,TIPIS,IPIS,NIPIS,TIPIS
PENSAR,PENSER,PENSARE,PENSAR,DONAR PIENSO,PENSA,S IMPISSER,PENSAI,A,DENKEN,DENKEN,DINK,THINK,HUGSA,TENKE,TANKA,HUGSA,TAENKE,SONJAL,MEDDWL,SMAOINEAMH,MISLI,ZAMISLIT,MISLITI,DUMAT,DUMAC,MYSLYTY,MYSLETI,MYSLET,MYSLEC,GALVOTI,DOMAT,DWSINIRIM,HITANAWA,ZANUN,BICHAR GARNU,CITAUNU,BHABA,SOCAN,SOCNA,SOCNA,VATNE,VICARWU,FIKR KAVEL,FEKR KARDAN,FIKR KARDAN,ZANAGH,MEJTO,MTACEL,SKEFTOME,,IRAM,0,UMISIP,MAG ISIP,MAGHUNAHUNA,,MIKIR,MEKENEH,MIKIR,MIKIR,PIKIR,BERFIKIR
ESTE,CECI,QUESTO,ESTE,AQUEST,CO,QUAIST,KUSTU,ACEST,DIESER,DEZE,DIE,THIS,THESSI,DENNE,DENHAR,HETTA,DENNE,AN,HWN,SO,TOVA,TU,OVAJ,ETOT,HETA,CEJ,TO TENTO,TEN,TEN,SIS,SIS,KOVA,ME,ATH,YO,YO,ETA,E,E,YEH,HA,A,DA,IN,XAMIN,HAM ESH,KY,AYS,TUTOS,,INI,0,INDA,ITO,KINI,,IKI,ENE,SINE,IEU,TU,INI
TU,TU,TU,TU,TEU,TU,TU,TUI,TU,DU,GIJ,U,YOU,THU,DU,DU,TU,DU,TE,TI,TU,TI,TI,TI,TY,TY,TY,TY,TY,TY,TU,TU,TU,UMBA,TSAH,T,TA,TUMI,TU,TU,TU,TU,TU,TE,TO,TU,THAU,TI,DU,ESI,,KA,0,KAWU,IKAW,IKAW,,KOWE,CAI,ANTE,MANEH,NUAN,KAMU
TRES,TROIS,TRE,TRES,TRES,TRES,TRAIS,TRESI,TREI,DREI,DRIE,DRIE,THREE,THRIR,TRE,TRE,TRIGGIR,TRE,TRI,TRI,TRI,TRI,TRI,TRI,TRI,TRY,TRY,TRI,TRI,TRZY,TRYS,TRIS,TRIN,TUNA,TREH,TIN,TIN,TIN,TRAE,TINN,TIN,TIN,TRAN,DRE,SE,SE,SAI,TRI,EREK,TRIA,,TELO,TURU,TULU,TATLO,TULO,,TELU,TELU,TELU,TILU,TIGA,TIGA
LANCAR,JETER,GETTARE,ECHAR,LLANSAR,JITA,BUTTER,GETTAI,LANSA,WERFEN,WERPEN,GOOI,THROW,KASTA,KASTE,KASTA,KASTA,KASTE,TEUREL,TAFLU,CAITHEAMH,XVERLJA,VRZI,BACITI,BROSAT,KIDAC,KYDATY,HAZETI,DODIT,RZUCAC,MESTI,MEST,CHAV,VISI,TSHUNUN,PHALNU,APHALNU,PHELA,SUTTEN,SUTTENA,PHEKNA,PHEKNE,NAKHWU,ACAVEL,ANDAKHTAN,PARTOFTAN,PHIRENAGH,ETH,GC EL,RIKHNO,,ITOG,TIMBAG,PISIK,IBATO,ILABAY,,NGUWAN,NYLABATANG,NELADEK,MALEDOGKEUN,TIKAU,MELEMPARKAN
ATAR,LIER,LEGARE,ATAR,UNIR,LIA,LIER,AKKAPPIAI,A LEGA,BINDEN,BINDEN,VASMAAK,TIE,BINDA,BINDE,BINDA,BINDA,BINDE,SKOULMAN,CLYMU,CEANGAL,VREZVA,ZVEZI,VEZATI,VJAZAT,VJAZAC,ZV JAZUVATY,VAZATI,VIAZAT,WIAZAC,RISTI,SIET,PHANDAV,BANDINAWA,GANDUN,KASNU,GATHNU,BADHA,BENNEN,BENNENA,BADHNA,BANDHNE,BAHDHWU,TAREL,BASTAN,BASTAN,BANDAGH,LITH,PAT AT EL,DHENO,,IKET,QEKET,HIGUT,TALIAN,IHUKOT,,NALENI,NEGUL,NENALIQ,MEUNGKEUT,KEBAT,MENGIKAT
LINGUA,LANGUE,LINGUA,LENGUA,LLENGUA,LENGO,LAUNGIA,LINGUA,LIMBA,ZUNGE,TONG,TONG,TONGUE,TUNGA,TUNGE,TUNGA,TUNGA,TUNGE,TEOD,TAFOD,TEANGA,EZIK,JEZIK,JEZIK,JAZYK,JAZYK,JAZYK,JAZYK,JAZYK,JEZYK,LIEZUVIS,MELE,CHIP,DIVA,ZEV,JIBRO,JIBRO,JIB,JIBH,JIB,JIBH,JIBH,JIB,ZEBA,ZABAN,ZABON,ZAWAN,GUE,LEZU,GHLOSA,,DILAQ,DILAQ,DILA,DILA,DILA,,ILAT,LAYAH,ELAQ,LETAH,DILAH,LIDAH
DENTE,DENT,DENTE,DIENTE,DENT,DENT,DAINT,DENTI,DINTE,ZAHN,TAND,TAND,TOOTH,TONN,TANN,TAND,TONN,TAND,DANT,DANT,FIACAL,ZEB,OD NAPREJ ZOBY,ZUB,ZUB,ZUB,ZUB,ZUB,ZUB,ZAB,DANTIS,ZOBS,DANT,DATA,DAND,DANT,DAT,DAT,DEND,DEND,DAT,DAT,DAT,GAS,DANDAN,DANDON,DATHAN,DHEMP,ATAM,DHONDI,,NIPEN,QUNTU,NIPUN,NGIPIN,NGIPON,,UNTU,GIGI,GIGI,HUNTU,NELI,GIGI
ARVORE,ARBRE,ALBERO,ARBOL,ARBRE,AUBRE,BOS,MATTA,ARBORE,BAUM,BOOM,BOOM,TREE,TRE,TRE,TRAD,TRAE,TRAE,GWEZENN,COEDEN,CRANN,DERVO,DREV,DRVO,DEREVO,DREVA,DEREVO,STROM,STROM,DRZEWO,MEDIS,KOKS,KOPAC,GASA,KULU,RUKH,GACH,GAC,DREXT,DEREKHET,PER,JHAD,JHAR,VENA,DERAKHT,DARAXT,DRASHK,PEME,CAR,DHENDRO,,0,0,0,PUNO,KAHOY,,0,0,0,TANGKAL,0,POKOK
VIRAR,TOURNER,GIRARE,VOLVER,TORNAR,VIRA,GIRER,FURRIAI,A VIRA,WENDEN,WENDEN,OMDRAAI,TURN,SNUA,SNU,VANDA PA,SNUGVA,VENDE SIG,TREIN,TROI,CASADH,SE VERTI,ABRNI SE,OKRENUTI SE,POVORACIVAT,PAVORACYVAC,OBERTATYS,TOCITI,OBRACAT,ZAWRACAC,KRYPTI,PAGRIEZT,BOLDEL,HARENAWA,0,PHARKNU,PHARKANU,GHORA,ULTAWEN,MORNA,MURNA,VELNE,FERWU,GERZEDEL,PICHIDAN,GARDONDAN,0,KTHENEM,TARNEL,STRIVO,,TINER,SIGENG,SIMAN,LUMIKO,MOLIKO,,MENGGOK,BELOK,BILUK,MENGKOL,BILOK ,BELOK
DOUS,DEUX,DUE,DOS,DOS,DOUS,DUOS,DUSU,DOI,ZWEI,TWEE,TWEE,TWO,TVEIR,TO,TVA,TVEIR,TO,DAOU,DAU,DO,DVE,DUA,DVA,DVA,DVA,DVA,DVA,DVA,DWA,DU,DIVI,DUI,DEKA,ZAH,DUITA,DUI,DUI,DU,DO,DO,DON,BE,DVA,DO,DU,DO,DY,ERKU,DHIO,,DOA,DUWA,DUWA,DALAWA,DUHA,,LORO,DADUA,DUE,DUA,DUA,DUA
VOMITAR,VOMIR,VOMITARE,VOMITAR,TRAURER,BOUMI,VOMITER,VOMITAI,A VOMITA,ASUBRECHEN,BRAKEN,BRAAK,VOMIT,KASTA UPP,KASTE OPP,KRAKAS,SPYGGJA,KASTE OP,DISLONKAN,CYFOGI,CAITHEAMH AMACH,POVERNE,KOZLAT,POVRACATI,RVAT,VYRACAC,BLJUVATY,ZVRACETI,VYVRAVAT,WYMIOTOWAC,VEMTI,VEMT,CHADAMAN,VAMARANAWA,WAMUN,CHHADNU,UGELNU,BOMI,ULTI KEREN,KE,ULTI,OKNE,ULTI KERWI,KANGI KAVEL,ESTEFRAG KARDAN,KANDAN,UCHALNA,VIEL,P XCKAL,KANO ANAGHULA,,GOAQ,SUKAQ,SUMUKA,SUMUKA,MOSUKA,,MUTAH,NGUTAH,NUTAQ,UTAH,MUTAH,MUNTAH
ANDAR,MARCHER,CAMMINARE,PASEAR,ANAR,MARCHA,CHAMINER,PASSILLAI,A SE PLIMBA,GEHEN,WANDELEN,LOOP,WALK,GANGA,GA,GA TILL FOTS,GANGA,GAA,KERZHOUT,CERDDED,SIUBHAL,VERVI,HODIT,SETATI,XODIT,SPACYRAVAC,XODYTY,PROCHAZETI SE,CHODIT,CHODZIC,VAIKSCIOTI,IET,PIRAV,AVIDINAWA,PAKUN,DULNU,HIRNU,HATA,TUREN,TURNA,CELNA,CELNE,CALWU,TLEL,RAH RAFTAN,RAFTAN,JUZAGH,ECEN,MAN GAL,PERPATO,,LALAKAW,PANAW,LUMAKAW,LUMAKAD,MOLAKAW,,MLAKU,MAJALAN,LAMPAQ,LEUMPANG,JALAI,BERJALAN
QUENTE,CHAUD,CALDO,CALIENTE,CALENT,CAUD,CHOD,KALLENTI,CALD,WARM,WARM,WARM,WARM,HLYR,VARM,VARM,HEITUR,VARM,TOMM,TWYM,BROTHALLACH,TOPLO,GORKO,TOPLO,TEPLYJ,CEPLY,TEPLYJ,TEPLY,TEPLY,CIEPLY,SILTAS,SILTS,TATO,RASNE,WUSHUNU,MANTATO,NIYANU,GOROM,GERMI,GEREM,GEREM,GEREM,GEREM,TOD,GARM,GARM,GARM,NGROTE,TOT,ZESTOS,,MALIPOQOT,MAPASUQ,MAINIT,MAINIT,INIT,,PANAS,PANES,PANAS,PANAS,PANAS,PANAS
LAVAR,LAVER,LAVARE,LAVAR,RENTAR,LAVA,LAVER,SAKKUAI,A,WASCHEN,WASSCHEN,WAS,WASH,THVO,VASKE,TVATTA,TVAA,VASKE,GWALCHIN,GOLCHI,NIGHE,MIE,PRAT,PRATI,MYT,MYC,MYTYSJA,MYTI,MYT,MYC,MAZGOTI,MAZGAT,XALAVAV,SODANAWA,CHALUN,0,DHUNU,DHOA,DHOWEN,TONA,DHONA,DHUNE,DHOWU,MINDZEL,SHOSTAN,MUSTAN,SHODHAGH,LHAN,LVANAL,PLENO,,0,0,0,HUGAS,0,,0,0,0,NGUMBAH,0,MENCUCI
AGUA,EAU,ACQUA,AGUA,AYGUA,AIGO,OVA,AKKUA,APA,WASSER,WATER,WATER,WATER,VATN,VANN,VATTEN,VATN,VAND,DOUR,DWR,UISGE,VODA,VODA,VODA,VODA,VADA,VODA,VODA,VODA,WODA,VANDUO,UDENS,PAI,WATURA,PONU,PANI,PANI,JOL,PANI,PANI,PANI,PANI,PANI,OBE,AB,OB,AF,UJE,JUR,NERO,,IG,TUBIG,DANUM,TUBIG,TUBIG,,BANU,YEH,AIQ,CAI,AI,AIR
NOS,NOUS,NOI,NOSOTROS,NOSALTRES,NOUS,NUS,NOSUS,NOI,WIR,WIJ,ONS,WE,VIO,VI,VI,VIT,VI,NI,NI,SINN,NIE,MI,MI,MY,MY,MY,MY,MY,MY,MES,MES,AMEN,API,ASI,HAMIHARU,HAMI,AMRA,ESSA,ESI,HEM,AMHI,EHME,MUZ,MA,MO,MA,NEVE,MENK,EMIS,,KITA,0,KITA,KAMI,KAMI,,AKU KABEH,IRAGA,ITE,URANG,KITAI,KITA
MOLHADO,MOUILLE,BAGNATO,MOJADO,MULLADA,MUIA,BLETSCH,SFUSTU,UD,NASS,NAT,NAT,WET,VOTUR,VAT,VAT,VATUR,VAAD,GLEB,GWLYB,FLIUCH,MOKRO,MAKRO,MOKAR,MOKRYJ,MOKRY,MOKRYJ,MOKRY,MOKRY,MOKRY,SLAPIAS,SLAPS,KINGO,TETA,ODURU,CHILO,CISO,BHIJA,SINNA,GILLA,BHIGA,OLA,BHIHNU,LUND,TAR,TAR,THAR,LHAGURI,XONAW,OGHROS,,BASAQ,BASAQ,TUPUS,BASA,BASAE,,TELES,BESEG,BASAQ,BASEUH,BASAH,BASAH
QUE,QUE,CHE,QUE,QUIN,QUE,CHE,ITTA,CE,WAS,WAT,WAT,WHAT,HVAO,HVAD,VAD,HVAT,HVAD,PETRA,BETH,CAD,KAKVO,KAY,STO,CTO,STO,SCO,CO,CO,CO,KAS,KAS,SO,MOKADA,KYAH,KYA,KE,KI,KE,KI,KYA,KAY,SU,CE,CHE,CI,KITHAN,CE,INC,TI,,AI,NANA,HINTAY,ANO,UNSA,,APA,APA,APE,NAON,APA,APA
QUANDO,QUAND,QUANDO,CUANDO,QUANT,QUAND,CUR,KANDU,CIND,WANN,WANNEER,WANNEER,WHEN,HVENAER,NAR,NAR,NAER,HVORNAAR,PEUR,PRYD,CATHAIN,KOGA,KEDAJ,KADA,KOGDA,KALI,KOLY,KDY,KEDY,KIEDY,KADA,KAD,KANA,KOI,KAR,KAILE,KABA,KOKHON,KERE WELE,KED,KEB,KEVHA,RYARE,KELA,KEY,KAJ,KHADHE,KUR,ERB,POTE,,AI,KANU,KAPIRA,KAILAN,KANUSA,,KAPAN,PIDAN,PIRAN,IRAHA,KEMAIA,KAPAN
ONDE,OU,DOVE,DONDE,AHONT,OUNTE,INUA,AUNDI,UNDE,WO,WAAR,WAAR,WHERE,HVAR,HVOR,VAR,HVAR,HVOR,PELEC H,LLE,CA,KEDE,KJE,GDE,GDE,DZE,DE KUDY,KDE,KDE,GDZIE,KUR,KUR,KAY,KOTANADA,KATI,KAHAN,KAHA,KOTHAE,KITTHA,KITTHE,KEHA,KUTHE,RYA,CIRI,KOJA,KUCO,THANGO,KU,UR,PU,,ANDA,WAQIN,NAAN,SAAN,ASA,,ANA NENDI,DIJA,LEQ EMBE,DIMANA,NI,DIMANA
BRANCO,BLANC,BIANCO,BLANCO,BLANCH,BLANC,ALV,BIANKU,ALB,WEISS,WIT,WIT,WHITE,HVITR,HVIT,VIT,HVITUR,HVID,GWENN,GWYN,BAN,BJALO,KELO,BELO,BELYJ,BELY,BILYJ,BILY,BIELY,BIALY,BALTAS,BALTS,PARNO,SUDU,CHOTU,SETO,SETO,SADA,SEFED,CITTA,SEPHED,SEPHET,SEFED,SPIN,SEFID,SAFED,SWETH,IBARDHE,SPITAK,ASPROS,,MAPOTIQ,MAPUTIQ,ABUKAY,PUTI,PUTI,,PUTIH,PUTIH,PUTIQ,BODAS,BURAK,PUTIH
QUEM,QUI,CHI,QUIEN,QUI,QUE,CHI,KINI,CINE,WER,WIE,WIE,WHO,HVER,HVEM,VEM,HVOR,HVEM,PIV,PWY,CIA,KOJ,KEDU,TKO,KTO,XTO,XTO,KDO,KTO,KTO,KAS,KAS,KON,KAVUDA,KYAH,KO,KUN,KE,KON,KON,KON,KON,KON,COK,KI,KI,KITHAN,KUS,OV,PYOS,,ANTAI,SINI,SINTAY,SINO,KINSA,,SAPA,NYEN,SAI,SAHA,SAPA,SIAPA
LARGO,LARGE,LARGO,ANCHO,AMPLE,LARG,LARG,LARGU,LARG,BREIT,WIJD,WYDE,WIDE,VIOR,VID,VID,VIDUR,BRED,LEDAN,LLYDAN,LEATHAN,SIROKO,SROKO,SIROK,SIROKIJ,SYROKI,SYROKYJ,SIROKY,SIROKY,SZEROKI,PLATUS,PLATS,BULO,PALAL,KHULA,GAJILO,CAURO,COORA,CORA,CORA,CORA,RUNDE,POHLU,PRAX,GOSHAD,VASE,PRAH,I GERE,LAYN ENDARJAK,PLATIS,,MABELAN,MARAKBANG,DAKA,MALAPAD,LAPAD,,AMBA,LINGGAH,GALUH,RUBAK,LUAS,LEBAR
MULHER CASADA,FEMME,MOGLIE,ESPOSA,MULLER,MOUIE,MUGLIER,MULLERI,SOTIE,FRAU,HUISVROUW,VROU,WIFE,KONA,KONE,HUSTRU,KONA,KONE,GWREG,GWRAIG,BEAN,SEPRUGA,ZENA,ZENA,ZENA,ZONKA,DRUZYNA,MANZELKA,MANZELKA,ZONA,ZMONA,SIEVA,ROMNI,BIRIYA,KOLAY,SWASHNI,AIMAI,BOU,KWAR,VOTTI,PETNI,BAYKO,PETNI,SEDZA,ZAN,ZAN,ZAL,GRUA,KIN,YINEKA,,KAWIN,QASAWA,ASAWA,ASAWANG BABAE,ASAWA,,BOJO,KURENAN,SENINE,PAMAJIKAN,BINI,ISTERI
VENTO,VENT,VENTO,VIENTO,VENT,VENT,SOFFEL,BENTU,VINT,WIND,WIND,WIND,WIND,VINDR,VIND,VIND,VINDUR,VIND,AVEL,GWYNT,GAOTH,VJATER,SAPA,VETAR,VETER,VECER,VITER,VITR,VIETOR,WIATR,VEJAS,VEJS,BALVAL,SULANGA,WAV,BATAS,BATAS,BAIU,HEWA,VA,VAYU,HEVA,PEWEN,BAD,BAD,SAMOL,GO,ERE,HOLM,AERAS,,ANIN,SAMET,ARAHAY,HANGIN,HANGIN,,BARAT,ANGIN,ANIN,ANGIN,ANIN,ANGIN
AZA,AILE,ALA,ALA,FILA,ALO,ELA,ALA,ARIPA,FLUGEL,VLEUGEL,VLEUEL,WING,VAENGR,VINGE,VINGE,VONGUR,VINGE,ASKELL,ADEN,SGIATHAN,KRILO,KRELUTA,KRILO,KRYLO,KRYLO,KRYLO,KRIDLO,KRIDLO,SKRYDLO,SPARNAS,SPARNS,PHAK,TATTA,PAKH,0,PWAKH,PAKHA,PER,PER,PENKH,PENKHE,PAKH,VAZAR,PAR,BOL,PHAR,KRA,T EW,FTERUGHA,,PAPAK,PANID,PAKPAK,PAKPAK,PAKOE,,SWIWI,KAMPID,KELETEK,JANGJANG,SAYAP,SAYAP
ALIMPAR,ESSUYER,ASCIUGARE,LIMPIAR,NETEJAR,EISSUGA,TERDSCHER,SPRUINAI,A STERGE,WISCHEN,VEGEN,AFDROE,WIPE,THURRKA,TORKE,TORKA,TURKA,TORRE,SEC HAN,SYCHU,CUIMILT,IZTRIVANE,ABRESI,OBRISAC,VYTIRAT,VYCIRAC,ZYRATY,UTIRATI,UTRET,WYCIERAC,SLUOSTYTI,SLAUCIT,SULAVAV,PIHADANAWA,WOTHARUN,POCHHNU,PUCHNU,POCHA,SAF KEREN,PUJNA,MITANA,PUSNE,LUCHWU,VUCAVEL,PAK KARDAN,POK KARDAN,0,FSI,MAK REL,SFONGIZO,,0,0,0,0,0,,0,0,0,NYAPUKEUN,0,MELAP
COM,AVEC,CON,CON,AB,EME,CUN,KUN,CU,MIT,MET,MET,WITH,MEO,MED,MED,VID,MED,GANT,GYDA,LE,S,ZMONO,SA,S,Z,Z,S,S,Z,SU,AR,BARABERI,SAMAGA,SUTY,SITA,SANA,SATH,NAL,NAL,SATH,BEROBER,SATHE,DE,BA,AZ,GO,ME,HET,ME,,0,0,0,KASAMA,UBAN,,0,0,0,JEUNG,0,DENGAN
MULHER,FEMME,DONNA,MUJER,DONA,FEMO,DUONNA,FEMMINA,FEMEIE,WEIB,VROUW,VROU,WOMAN,KONA,DAME,KVINNA,KONA,KVINDE,MAOUEZ,BENYW,BEAN,ZENA,ZENSKA,ZENA,ZENSCINA,ZANCYNA,ZINKA,ZENA,ZENA,KOBIETA,MOTERISKE,SIEVIETE,ZHUULYI,GANI,ZANANA,AIMAI,AIMAI,MEELOK,TRIMMET,ORET,ORET,BAI,STRI,SEDZA,ZAN,ZAN,ZAL,GRUA,KIN,YINEKA,,BEBAY,BUBAY,BABAYI,BABAE,BABAYE,,WADON,LUH,NINE,AWEWE,INDU,PEREMPUAN
SELVA,BOIS,BOSCO,BOSQUE,BOSCH,FOUREST,GOD,BOSKU,PADURE,WALD,BOSCH,BOS,WOODS,SKOGR,SKOG,SKOG,SKOG,SKOV,KOAD,GALLT,COILLTE,GORA,DOVO,SUMA,LES,LES,LIS,LES,LES,LAS,MISKAS,MEZA,0,KALE,WAN,BAN,BAN,JONGOL,JENGEL,JENGEL,JENGEL,JENGEL,JENGEE,DZANGAL,JANGAL,CANGAL,LADH,KORIE,ANTAR,DHASOS,,KALASAN,KAGURANGAN,PURU,GUBAT,LASANG,,ALAS,ALAS,GAWAH,LEUWEUNG,KAMPON,HUTAN
BICHO,VER,VERME,GUSANO,CUCH,VERME,VERM,BREMI,VIERME,WURM,WORM,WURM,WORM,MAOKR,MARK,MASK,MADKUR,ORM,PRENV,MWYDYN,PEIST,CERVEJ,GLISTA,CRV,CERV,CARVJAK,CERV JAK,CERV,CERV,ROBAK,SLIEKAS,TARPS,KERMO,PANUWA,KIRM,0,KIRO,POKA,KIRA,KIRA,KIRA,KIDA,KIRO,KIRM,KERM,KIRM,KIRM,GELHISTER,ORD,SKULIKI,,KALALANOQAN,KAREG,ALUKATI,BULATE,WATI,,CACIN,CACING,LONE,CACIN,ULAT,CACING
VOS,VOUS,VOI,VOSOTROS,VOSALTRES,VOUS,VUS,BOSATRUS,VOI,IHR,JULLIE,JULLE,YOU,THIO,DERE,I,TIT,I,CHWI,CHWI,SIBH,VIE,JE,VI,VY,VY,TY,VY,VY,WY,JUS,JUS,TUMEN,UMBALA,TOHI,TIMIHARU,TIMIHARU,TUMI,TUSSA,TUSI,TUM,TUMHI,TEME,TASI,SHOMA,SUMO,SHA,JURE,DUK,TULOGHUSAS,,KANO,0,KAMU,IKAW,IKAW,,KOWE KABEH,CAI AJAK MEKEJANG,ANTE SELAP,MARANEH,KITA,KALIAN
ANNO,AN,ANNO,ANO,ANY,AN,AN,ANNU,AN,JAHR,JAAR,JAAR,YEAR,AR,AR,AR,AR,AAR,BLOAZ,BLWYDDYN,BLIADHAIN,GODINA,LETO,GODINA,GOD,HOD,RIK,ROK,ROK,ROK,METAI,GADS,BRES,AVURUDDA,WAHAR,SAL,BARSA,BOTSOR,SAL,SAL,SAL,VERSE,VERES,KAL,SAL,SOL,SAL,VIT,TARI,KHRONOS,,RAGON,TUQIG,ABAGAT,TAON,TUIG,,TAHUN,TIBAN,TAUN,TAUN,TAUN,TAHUN
AMARELLO,JAUNE,GIALLO,AMARILLO,GROCH,JAUNE,MELLEN,GROGU,GALBEN,GELB,GEEL,GEEL,YELLOW,GULR,GUL,GUL,GULUR,GULT,MELEN,MELYN,BUIDHE,ZELTO,NUMENO,ZUT,ZELTYJ,ZOWTY,ZOVTYJ,ZLUTY,ZLTY,ZOLTY,GELTONAS,DZELTENS,SARI,KAHA,LEDORU,PAHILO,PAHELO,HOLDE,PILA,PILLA,PILA,PIVLA,PILU,ZER,ZARD,ZARD,ZARD,I VERDHE,DELIN,KITRINOS,,DOLAW,BINANING,DILAW,DILAW,DALAG,,KUNIN,KUNING,KONIN,KONENG,KUNIN,KUNING
